{
  "Component-preload.js": 1725607727338,
  "controller/BaseController.js": 1725526395052,
  "model/data1.json": 1725554982159,
  "model/data.json": 1725554512140,
  "controller/Supervisor.controller.js": 1725563997831,
  "controller/StockBinQueryByBin.controller.js": 1725562930645,
  "controller/ResourcePage.controller.js": 1725547020025,
  "controller/HuQuery.controller.js": 1725607583077,
  "controller/Home.controller.js": 1725604657233,
  "model/models.js": 1725601540093,
  "controller/App.controller.js": 1725599892788,
  "manifest.json": 1725607726851,
  "Component.js": 1725599006510,
  "controller/Home-dbg.controller.js": 1725604657233,
  "controller/Home.controller.js.map": 1725607727060,
  "controller/Supervisor-dbg.controller.js": 1725563997831,
  "controller/Supervisor.controller.js.map": 1725607727095,
  "controller/StockBinQueryByBin-dbg.controller.js": 1725562930645,
  "controller/StockBinQueryByBin.controller.js.map": 1725607727027,
  "controller/ResourcePage-dbg.controller.js": 1725547020025,
  "controller/ResourcePage.controller.js.map": 1725607727037,
  "controller/HuQuery-dbg.controller.js": 1725607583077,
  "controller/HuQuery.controller.js.map": 1725607727043,
  "controller/BaseController-dbg.js": 1725526395052,
  "controller/BaseController.js.map": 1725607727044,
  "model/models-dbg.js": 1725601540093,
  "model/models.js.map": 1725607727044,
  "controller/App-dbg.controller.js": 1725599892788,
  "controller/App.controller.js.map": 1725607727045,
  "Component-dbg.js": 1725599006510,
  "Component.js.map": 1725607727046,
  "i18n/i18n.properties": 1725605559124,
  "Component-preload.js.map": 1725607727338,
  "view/Supervisor.view.xml": 1725555768128,
  "view/StockBinQueryByBin.view.xml": 1725562464131,
  "view/ResourcePage.view.xml": 1725543466783,
  "view/HuQuery.view.xml": 1725606053633,
  "view/Home.view.xml": 1725518714841,
  "view/App.view.xml": 1725599860960,
  "fragments/SignUpDetails.fragment.xml": 1725529386124,
  "fragments/Resetpassword.fragment.xml": 1725541109418,
  "fragments/Forgotpassword.fragment.xml": 1725522888050,
  "fragments/ApproveDetails.fragment.xml": 1725553852296,
  "css/style.css": 1725563571241,
  "index.html": 1725598982022
}