{
  "controller/CreatePutawayHusManually.controller.js": 1726757991893,
  "controller/AutomaticallyRepackHUItem.controller.js": 1726826061752,
  "model/models.js": 1725627928257,
  "model/data1.json": 1725627928257,
  "model/data.json": 1725902226687,
  "controller/WTQueryByWT.controller.js": 1726551733985,
  "controller/WTQueryByWO.controller.js": 1726551733981,
  "controller/WTQueryByQueue.controller.js": 1726742368779,
  "controller/WTQueryByHU.controller.js": 1726551733981,
  "controller/WHProcessingByBOL.controller.js": 1727327115132,
  "controller/UnloadingByTU.controller.js": 1726551733981,
  "controller/UnloadingByShipment.controller.js": 1726551733981,
  "controller/UnloadingByDoor.controller.js": 1726551733977,
  "controller/UnloadingByConsignmentOrder.controller.js": 1726551733977,
  "controller/UnloadingByBillofLading.controller.js": 1726551733977,
  "controller/UnloadingASNDetails.controller.js": 1726757991901,
  "controller/UnloadByHu.controller.js": 1727186391929,
  "controller/UnloadByDelivery.controller.js": 1726551733977,
  "controller/Supervisor.controller.js": 1727761462699,
  "controller/StockBinQueryByProduct.controller.js": 1726551733969,
  "controller/StockBinQueryByBin.controller.js": 1726551733969,
  "controller/SetReadyforWHProcessingByCO.controller.js": 1727327115128,
  "controller/SerialNumberLocation.controller.js": 1726551733969,
  "controller/ReversalofConsumptionbyMObyHU.controller.js": 1727186391929,
  "controller/ReversalofConsumptionbyMO_Bin.controller.js": 1727350293059,
  "controller/ResourcePage.controller.js": 1727761462699,
  "controller/RecevingOfHUbyTUorDoor.controller.js": 1726551733961,
  "controller/RecevingOfHUbyManufacturingOrder.controller.js": 1726551733961,
  "controller/RecevingOfHUbyDelivery.controller.js": 1726551733961,
  "controller/Receivingofhubyco.controller.js": 1727090598431,
  "controller/ReceivingofHUbyTU.controller.js": 1727186391929,
  "controller/ReceivingofHUbyShipment.controller.js": 1727186391929,
  "controller/ReceivingofHUbyASN.controller.js": 1727186391929,
  "controller/ReceivingOfHuByDoor.controller.js": 1726551733957,
  "controller/PutawayByWO.controller.js": 1726551733957,
  "controller/PutawayByHuc.controller.js": 1727090598431,
  "controller/PutawayByHU.controller.js": 1727761462699,
  "controller/ProductInspectionByStorageBin.controller.js": 1726757991897,
  "controller/ProductInspectionByHU.controller.js": 1726757991897,
  "controller/PickPoint.controller.js": 1727186391925,
  "controller/ManuallyRepackingByHUItem.controller.js": 1727151201603,
  "controller/ManuallyRepackHU.controller.js": 1726826061752,
  "controller/ManuallyRepackAllHUItems.controller.js": 1726826061752,
  "controller/MaintainHU.controller.js": 1726551733953,
  "controller/LoadbyHUManPosAssiognment.controller.js": 1727186391925,
  "controller/LoadbyHUAutoPosAssiognment.controller.js": 1727327115128,
  "controller/InitialScreen.controller.js": 1727761462699,
  "controller/HuQuery.controller.js": 1727327115128,
  "controller/HuMaintanaceInDeconsolidation.controller.js": 1727090598431,
  "controller/Home.controller.js": 1727761462699,
  "controller/HUStockOverviewQuery.controller.js": 1727090598431,
  "controller/DeconsolidationManually.controller.js": 1726757991893,
  "controller/DeconsolidationAutomatically.controller.js": 1726757991893,
  "controller/DeconsAuto.controller.js": 1727090598431,
  "controller/CreationOfSingleHU.controller.js": 1726757991893,
  "controller/CreateShippingHUWOWC.controller.js": 1726551733953,
  "controller/CreateShippingHU.controller.js": 1726551733953,
  "controller/CreatePutawayHusforDeconsolidate.controller.js": 1726757991893,
  "i18n/i18n.properties": 1726742368783,
  "controller/CreateConfirmAdhocProduct.controller.js": 1726551733953,
  "controller/CreateConfirmAdhocHu.controller.js": 1726551733949,
  "controller/ConsumptionByManufacturingOrder.controller.js": 1727761462699,
  "controller/ChangeResourceGroup.controller.js": 1727761462699,
  "controller/ChangeQueue.controller.js": 1726551733945,
  "controller/ChangeLoadingUnloadingDetails.controller.js": 1727327115128,
  "controller/BillofLading.controller.js": 1726551733945,
  "controller/BaseController.js": 1725627928257,
  "controller/AvailableHandlingUnitsOnBinQuery.controller.js": 1726551733945,
  "controller/AutomaticallyRepackHu.controller.js": 1727327115128,
  "uitls/Constant.js": 1727150608957,
  "controller/App.controller.js": 1725627928257,
  "controller/AdhocProductWt.controller.js": 1726825894819,
  "controller/AdhocInventoryCreation.controller.js": 1726757991893,
  "controller/AdhocHuWt.controller.js": 1726551733945,
  "manifest.json": 1727761502779,
  "Component.js": 1725627928257,
  "controller/Supervisor-dbg.controller.js": 1727761462699,
  "controller/Supervisor.controller.js.map": 1727761503187,
  "model/models-dbg.js": 1725627928257,
  "model/models.js.map": 1727761502886,
  "controller/WTQueryByWT-dbg.controller.js": 1726551733985,
  "controller/WTQueryByWT.controller.js.map": 1727761502897,
  "controller/WTQueryByWO-dbg.controller.js": 1726551733981,
  "controller/WTQueryByWO.controller.js.map": 1727761502899,
  "controller/WTQueryByQueue-dbg.controller.js": 1726742368779,
  "controller/WTQueryByQueue.controller.js.map": 1727761502899,
  "controller/WTQueryByHU-dbg.controller.js": 1726551733981,
  "controller/WTQueryByHU.controller.js.map": 1727761502906,
  "controller/WHProcessingByBOL-dbg.controller.js": 1727327115132,
  "controller/WHProcessingByBOL.controller.js.map": 1727761502905,
  "controller/UnloadingByTU-dbg.controller.js": 1726551733981,
  "controller/UnloadingByTU.controller.js.map": 1727761502914,
  "controller/UnloadingByShipment-dbg.controller.js": 1726551733981,
  "controller/UnloadingByShipment.controller.js.map": 1727761502917,
  "controller/UnloadingByDoor-dbg.controller.js": 1726551733977,
  "controller/UnloadingByDoor.controller.js.map": 1727761502915,
  "controller/UnloadingByConsignmentOrder-dbg.controller.js": 1726551733977,
  "controller/UnloadingByConsignmentOrder.controller.js.map": 1727761502972,
  "controller/UnloadingByBillofLading-dbg.controller.js": 1726551733977,
  "controller/UnloadingByBillofLading.controller.js.map": 1727761502973,
  "controller/UnloadingASNDetails-dbg.controller.js": 1726757991901,
  "controller/UnloadingASNDetails.controller.js.map": 1727761502972,
  "controller/UnloadByHu-dbg.controller.js": 1727186391929,
  "controller/UnloadByHu.controller.js.map": 1727761502979,
  "controller/UnloadByDelivery-dbg.controller.js": 1726551733977,
  "controller/UnloadByDelivery.controller.js.map": 1727761502981,
  "controller/AutomaticallyRepackHUItem-dbg.controller.js": 1726826061752,
  "controller/AutomaticallyRepackHUItem.controller.js.map": 1727761502983,
  "controller/StockBinQueryByProduct-dbg.controller.js": 1726551733969,
  "controller/StockBinQueryByProduct.controller.js.map": 1727761502984,
  "controller/StockBinQueryByBin-dbg.controller.js": 1726551733969,
  "controller/StockBinQueryByBin.controller.js.map": 1727761502988,
  "controller/SetReadyforWHProcessingByCO-dbg.controller.js": 1727327115128,
  "controller/SetReadyforWHProcessingByCO.controller.js.map": 1727761502988,
  "controller/SerialNumberLocation-dbg.controller.js": 1726551733969,
  "controller/SerialNumberLocation.controller.js.map": 1727761502993,
  "controller/ReversalofConsumptionbyMObyHU-dbg.controller.js": 1727186391929,
  "controller/ReversalofConsumptionbyMObyHU.controller.js.map": 1727761502995,
  "controller/ReversalofConsumptionbyMO_Bin-dbg.controller.js": 1727350293059,
  "controller/ReversalofConsumptionbyMO_Bin.controller.js.map": 1727761502996,
  "controller/ResourcePage-dbg.controller.js": 1727761462699,
  "controller/ResourcePage.controller.js.map": 1727761503175,
  "controller/RecevingOfHUbyTUorDoor-dbg.controller.js": 1726551733961,
  "controller/RecevingOfHUbyTUorDoor.controller.js.map": 1727761503009,
  "controller/RecevingOfHUbyManufacturingOrder-dbg.controller.js": 1726551733961,
  "controller/RecevingOfHUbyManufacturingOrder.controller.js.map": 1727761503006,
  "controller/RecevingOfHUbyDelivery-dbg.controller.js": 1726551733961,
  "controller/RecevingOfHUbyDelivery.controller.js.map": 1727761503073,
  "controller/Receivingofhubyco-dbg.controller.js": 1727090598431,
  "controller/Receivingofhubyco.controller.js.map": 1727761503078,
  "controller/ReceivingofHUbyTU-dbg.controller.js": 1727186391929,
  "controller/ReceivingofHUbyTU.controller.js.map": 1727761503083,
  "controller/ReceivingofHUbyShipment-dbg.controller.js": 1727186391929,
  "controller/ReceivingofHUbyShipment.controller.js.map": 1727761503094,
  "controller/ReceivingofHUbyASN-dbg.controller.js": 1727186391929,
  "controller/ReceivingofHUbyASN.controller.js.map": 1727761503173,
  "controller/ReceivingOfHuByDoor-dbg.controller.js": 1726551733957,
  "controller/ReceivingOfHuByDoor.controller.js.map": 1727761503180,
  "controller/PutawayByWO-dbg.controller.js": 1726551733957,
  "controller/PutawayByWO.controller.js.map": 1727761503177,
  "controller/PutawayByHuc-dbg.controller.js": 1727090598431,
  "controller/PutawayByHuc.controller.js.map": 1727761503181,
  "controller/PutawayByHU-dbg.controller.js": 1727761462699,
  "controller/PutawayByHU.controller.js.map": 1727761503189,
  "controller/ProductInspectionByStorageBin-dbg.controller.js": 1726757991897,
  "controller/ProductInspectionByStorageBin.controller.js.map": 1727761503188,
  "controller/ProductInspectionByHU-dbg.controller.js": 1726757991897,
  "controller/ProductInspectionByHU.controller.js.map": 1727761503187,
  "controller/PickPoint-dbg.controller.js": 1727186391925,
  "controller/PickPoint.controller.js.map": 1727761503205,
  "controller/ManuallyRepackingByHUItem-dbg.controller.js": 1727151201603,
  "controller/ManuallyRepackingByHUItem.controller.js.map": 1727761503197,
  "controller/ManuallyRepackHU-dbg.controller.js": 1726826061752,
  "controller/ManuallyRepackHU.controller.js.map": 1727761503201,
  "controller/ManuallyRepackAllHUItems-dbg.controller.js": 1726826061752,
  "controller/ManuallyRepackAllHUItems.controller.js.map": 1727761503195,
  "controller/MaintainHU-dbg.controller.js": 1726551733953,
  "controller/MaintainHU.controller.js.map": 1727761503200,
  "controller/LoadbyHUManPosAssiognment-dbg.controller.js": 1727186391925,
  "controller/LoadbyHUManPosAssiognment.controller.js.map": 1727761503205,
  "controller/LoadbyHUAutoPosAssiognment-dbg.controller.js": 1727327115128,
  "controller/LoadbyHUAutoPosAssiognment.controller.js.map": 1727761503202,
  "controller/InitialScreen-dbg.controller.js": 1727761462699,
  "controller/InitialScreen.controller.js.map": 1727761503289,
  "controller/HuQuery-dbg.controller.js": 1727327115128,
  "controller/HuQuery.controller.js.map": 1727761503273,
  "controller/HuMaintanaceInDeconsolidation-dbg.controller.js": 1727090598431,
  "controller/HuMaintanaceInDeconsolidation.controller.js.map": 1727761503269,
  "controller/Home-dbg.controller.js": 1727761462699,
  "controller/Home.controller.js.map": 1727761503297,
  "controller/HUStockOverviewQuery-dbg.controller.js": 1727090598431,
  "controller/HUStockOverviewQuery.controller.js.map": 1727761503274,
  "controller/DeconsolidationManually-dbg.controller.js": 1726757991893,
  "controller/DeconsolidationManually.controller.js.map": 1727761503283,
  "controller/DeconsolidationAutomatically-dbg.controller.js": 1726757991893,
  "controller/DeconsolidationAutomatically.controller.js.map": 1727761503277,
  "controller/DeconsAuto-dbg.controller.js": 1727090598431,
  "controller/DeconsAuto.controller.js.map": 1727761503277,
  "controller/CreationOfSingleHU-dbg.controller.js": 1726757991893,
  "controller/CreationOfSingleHU.controller.js.map": 1727761503279,
  "controller/CreateShippingHUWOWC-dbg.controller.js": 1726551733953,
  "controller/CreateShippingHUWOWC.controller.js.map": 1727761503283,
  "controller/CreateShippingHU-dbg.controller.js": 1726551733953,
  "controller/CreateShippingHU.controller.js.map": 1727761503285,
  "controller/CreatePutawayHusforDeconsolidate-dbg.controller.js": 1726757991893,
  "controller/CreatePutawayHusforDeconsolidate.controller.js.map": 1727761503286,
  "controller/CreatePutawayHusManually-dbg.controller.js": 1726757991893,
  "controller/CreatePutawayHusManually.controller.js.map": 1727761503288,
  "controller/CreateConfirmAdhocProduct-dbg.controller.js": 1726551733953,
  "controller/CreateConfirmAdhocProduct.controller.js.map": 1727761503289,
  "controller/CreateConfirmAdhocHu-dbg.controller.js": 1726551733949,
  "controller/CreateConfirmAdhocHu.controller.js.map": 1727761503292,
  "controller/ConsumptionByManufacturingOrder-dbg.controller.js": 1727761462699,
  "controller/ConsumptionByManufacturingOrder.controller.js.map": 1727761503298,
  "controller/ChangeResourceGroup-dbg.controller.js": 1727761462699,
  "controller/ChangeResourceGroup.controller.js.map": 1727761503291,
  "controller/ChangeQueue-dbg.controller.js": 1726551733945,
  "controller/ChangeQueue.controller.js.map": 1727761503292,
  "controller/ChangeLoadingUnloadingDetails-dbg.controller.js": 1727327115128,
  "controller/ChangeLoadingUnloadingDetails.controller.js.map": 1727761503292,
  "controller/BillofLading-dbg.controller.js": 1726551733945,
  "controller/BillofLading.controller.js.map": 1727761503298,
  "controller/BaseController-dbg.js": 1725627928257,
  "controller/BaseController.js.map": 1727761503294,
  "controller/AvailableHandlingUnitsOnBinQuery-dbg.controller.js": 1726551733945,
  "controller/AvailableHandlingUnitsOnBinQuery.controller.js.map": 1727761503297,
  "controller/AutomaticallyRepackHu-dbg.controller.js": 1727327115128,
  "controller/AutomaticallyRepackHu.controller.js.map": 1727761503302,
  "uitls/Constant-dbg.js": 1727150608957,
  "uitls/Constant.js.map": 1727761503298,
  "controller/App-dbg.controller.js": 1725627928257,
  "controller/App.controller.js.map": 1727761503299,
  "controller/AdhocProductWt-dbg.controller.js": 1726825894819,
  "controller/AdhocProductWt.controller.js.map": 1727761503300,
  "controller/AdhocInventoryCreation-dbg.controller.js": 1726757991893,
  "controller/AdhocInventoryCreation.controller.js.map": 1727761503301,
  "controller/AdhocHuWt-dbg.controller.js": 1726551733945,
  "controller/AdhocHuWt.controller.js.map": 1727761503301,
  "Component-dbg.js": 1725627928257,
  "Component.js.map": 1727761503303,
  "Component-preload.js": 1727761503793,
  "Component-preload.js.map": 1727761503795,
  "view/WTQueryByWT.view.xml": 1727761462699,
  "view/WTQueryByWO.view.xml": 1726148654986,
  "view/WTQueryByQueue.view.xml": 1726551733985,
  "view/WTQueryByHU.view.xml": 1726826061756,
  "view/WHProcessingByBOL.view.xml": 1727327115140,
  "view/UnloadingByTU.view.xml": 1727327115136,
  "view/UnloadingByShipment.view.xml": 1726494709373,
  "view/UnloadingByDoor.view.xml": 1726494709369,
  "view/UnloadingByConsignmentOrder.view.xml": 1726494709369,
  "view/UnloadingByBillofLading.view.xml": 1727327115136,
  "view/UnloadingASNDetails.view.xml": 1727090598435,
  "view/UnloadByHu.view.xml": 1727410150254,
  "view/UnloadByDelivery.view.xml": 1725954458745,
  "view/Supervisor.view.xml": 1727761462699,
  "view/StockBinQueryByProduct.view.xml": 1726148654986,
  "view/StockBinQueryByBin.view.xml": 1726131205739,
  "view/SetReadyforWHProcessingByCO.view.xml": 1727327115136,
  "view/SerialNumberLocation.view.xml": 1727327206552,
  "view/ReversalofConsumptionbyMObyHU.view.xml": 1727327115136,
  "view/ReversalofConsumptionbyMO_Bin.view.xml": 1727350293063,
  "view/ResourcePage.view.xml": 1727761462699,
  "view/RecevingOfHUbyTUorDoor.view.xml": 1726465223024,
  "view/RecevingOfHUbyManufacturingOrder.view.xml": 1726465223024,
  "view/RecevingOfHUbyDelivery.view.xml": 1727758216618,
  "view/Receivingofhubyco.view.xml": 1726465223016,
  "view/ReceivingofHUbyTU.view.xml": 1726131205731,
  "view/ReceivingofHUbyShipment.view.xml": 1726131205731,
  "view/ReceivingofHUbyASN.view.xml": 1727186391929,
  "view/ReceivingOfHuByDoor.view.xml": 1726131205727,
  "view/PutawayByWO.view.xml": 1726131205723,
  "view/PutawayByHuc.view.xml": 1727090598435,
  "view/PutawayByHU.view.xml": 1727761462699,
  "view/ProductInspectionByStorageBin.view.xml": 1726757991905,
  "view/ProductInspectionByHU.view.xml": 1726757991905,
  "view/PickPoint.view.xml": 1727186391929,
  "view/ManuallyRepackingByHUItem.view.xml": 1727151201603,
  "view/ManuallyRepackHU.view.xml": 1726826061756,
  "view/ManuallyRepackAllHUItems.view.xml": 1726826061756,
  "view/MaintainHU.view.xml": 1727327115136,
  "view/LoadbyHUManPosAssiognment.view.xml": 1727761462699,
  "view/LoadbyHUAutoPosAssiognment.view.xml": 1727761462699,
  "view/InitialScreen.view.xml": 1727761462699,
  "view/HuQuery.view.xml": 1727327206548,
  "view/HuMaintanaceInDeconsolidation.view.xml": 1727090598435,
  "view/Home.view.xml": 1727430496754,
  "view/HUStockOverviewQuery.view.xml": 1727186391929,
  "view/DeconsolidationManually.view.xml": 1727327115136,
  "view/DeconsolidationAutomatically.view.xml": 1727327115132,
  "view/DeconsAuto.view.xml": 1727090598435,
  "view/CreationOfSingleHU.view.xml": 1727327115132,
  "view/CreateShippingHUWOWC.view.xml": 1727761462699,
  "view/CreateShippingHU.view.xml": 1727761462699,
  "view/CreatePutawayHusforDeconsolidate.view.xml": 1726757991905,
  "view/CreatePutawayHusManually.view.xml": 1726757991905,
  "view/CreateConfirmAdhocProduct.view.xml": 1726148654982,
  "view/CreateConfirmAdhocHu.view.xml": 1726148654982,
  "view/ConsumptionByManufacturingOrder.view.xml": 1727327115132,
  "view/ChangeResourceGroup.view.xml": 1726551733985,
  "view/ChangeQueue.view.xml": 1726551733985,
  "view/ChangeLoadingUnloadingDetails.view.xml": 1727350293063,
  "view/BillofLading.view.xml": 1726494709353,
  "view/AvailableHandlingUnitsOnBinQuery.view.xml": 1726131205719,
  "view/AutomaticallyRepackHu.view.xml": 1727327115132,
  "view/AutomaticallyRepackHUItem.view.xml": 1727090598435,
  "view/App.view.xml": 1727186391929,
  "view/AdhocProductWt.view.xml": 1726465223000,
  "view/AdhocInventoryCreation.view.xml": 1727186391929,
  "view/AdhocHuWt.view.xml": 1726465222996,
  "fragments/SignUpDetails.fragment.xml": 1727442308308,
  "fragments/SapLogon.fragment.xml": 1727761462699,
  "fragments/Resetpassword.fragment.xml": 1725627928257,
  "fragments/ProfileDialog.fragment.xml": 1727186391929,
  "fragments/ConnecttoSAP.fragment.xml": 1727761462699,
  "fragments/ChangePassword.fragment.xml": 1727761462699,
  "fragments/ApproveDetails.fragment.xml": 1727758216594,
  "css/style.css": 1727761462699,
  "Images/Artihcuslogo.png": 1726551733937,
  "index.html": 1726551733985
}