{
  "controller/ResourcePage.controller.js.map": 1725906478332,
  "controller/RecevingOfHUbyDelivery.controller.js": 1725902226679,
  "model/data1.json": 1725627928257,
  "model/data.json": 1725902226687,
  "controller/UnloadingByDoor.controller.js": 1725902226683,
  "controller/UnloadingByBillofLading.controller.js": 1725902226683,
  "controller/UnloadByDelivery.controller.js": 1725906217418,
  "controller/Supervisor.controller.js": 1725906217418,
  "controller/StockBinQueryByBin.controller.js": 1725859652508,
  "controller/ResourcePage.controller.js": 1725902226679,
  "model/models.js": 1725627928257,
  "controller/ReceivingOfHuByDoor.controller.js": 1725902226679,
  "controller/PutawayByWO.controller.js": 1725902226675,
  "controller/PutawayByHU.controller.js": 1725902226671,
  "controller/HuQuery.controller.js": 1725902983788,
  "controller/Home.controller.js": 1725902226671,
  "controller/CreateConfirmAdhocProduct.controller.js": 1725902226667,
  "controller/CreateConfirmAdhocHu.controller.js": 1725902226667,
  "controller/BillofLading.controller.js": 1725902226663,
  "controller/BaseController.js": 1725627928257,
  "controller/App.controller.js": 1725627928257,
  "controller/AdhocProductWt.controller.js": 1725872955102,
  "controller/AdhocHuWt.controller.js": 1725872955102,
  "manifest.json": 1725906478104,
  "Component.js": 1725627928257,
  "controller/AdhocHuWt-dbg.controller.js": 1725872955102,
  "controller/AdhocHuWt.controller.js.map": 1725906478313,
  "controller/UnloadingByDoor-dbg.controller.js": 1725902226683,
  "controller/UnloadingByDoor.controller.js.map": 1725906478321,
  "controller/UnloadingByBillofLading-dbg.controller.js": 1725902226683,
  "controller/UnloadingByBillofLading.controller.js.map": 1725906478323,
  "controller/UnloadByDelivery-dbg.controller.js": 1725906217418,
  "controller/UnloadByDelivery.controller.js.map": 1725906478318,
  "controller/Supervisor-dbg.controller.js": 1725906217418,
  "controller/Supervisor.controller.js.map": 1725906478497,
  "controller/StockBinQueryByBin-dbg.controller.js": 1725859652508,
  "controller/StockBinQueryByBin.controller.js.map": 1725906478319,
  "controller/ResourcePage-dbg.controller.js": 1725902226679,
  "i18n/i18n.properties": 1725627928257,
  "model/models-dbg.js": 1725627928257,
  "model/models.js.map": 1725906478323,
  "controller/ReceivingOfHuByDoor-dbg.controller.js": 1725902226679,
  "controller/ReceivingOfHuByDoor.controller.js.map": 1725906478410,
  "controller/PutawayByWO-dbg.controller.js": 1725902226675,
  "controller/PutawayByWO.controller.js.map": 1725906478332,
  "controller/PutawayByHU-dbg.controller.js": 1725902226671,
  "controller/PutawayByHU.controller.js.map": 1725906478388,
  "controller/HuQuery-dbg.controller.js": 1725902983788,
  "controller/HuQuery.controller.js.map": 1725906478390,
  "controller/Home-dbg.controller.js": 1725902226671,
  "controller/Home.controller.js.map": 1725906478426,
  "controller/CreateConfirmAdhocProduct-dbg.controller.js": 1725902226667,
  "controller/CreateConfirmAdhocProduct.controller.js.map": 1725906478395,
  "controller/CreateConfirmAdhocHu-dbg.controller.js": 1725902226667,
  "controller/CreateConfirmAdhocHu.controller.js.map": 1725906478401,
  "controller/BillofLading-dbg.controller.js": 1725902226663,
  "controller/BillofLading.controller.js.map": 1725906478408,
  "controller/BaseController-dbg.js": 1725627928257,
  "controller/BaseController.js.map": 1725906478410,
  "controller/App-dbg.controller.js": 1725627928257,
  "controller/App.controller.js.map": 1725906478411,
  "controller/AdhocProductWt-dbg.controller.js": 1725872955102,
  "controller/AdhocProductWt.controller.js.map": 1725906478412,
  "controller/RecevingOfHUbyDelivery-dbg.controller.js": 1725902226679,
  "controller/RecevingOfHUbyDelivery.controller.js.map": 1725906478434,
  "Component-dbg.js": 1725627928257,
  "Component.js.map": 1725906478413,
  "Component-preload.js": 1725906478819,
  "Component-preload.js.map": 1725906478820,
  "view/UnloadingByDoor.view.xml": 1725902226703,
  "view/UnloadingByBillofLading.view.xml": 1725902226703,
  "view/UnloadByDelivery.view.xml": 1725906449726,
  "view/Supervisor.view.xml": 1725902983788,
  "view/StockBinQueryByBin.view.xml": 1725902226703,
  "view/ResourcePage.view.xml": 1725902226699,
  "view/RecevingOfHUbyDelivery.view.xml": 1725902226699,
  "view/ReceivingOfHuByDoor.view.xml": 1725902226699,
  "view/PutawayByWO.view.xml": 1725902226695,
  "view/PutawayByHU.view.xml": 1725902226695,
  "view/HuQuery.view.xml": 1725902983788,
  "view/Home.view.xml": 1725627928257,
  "view/CreateConfirmAdhocProduct.view.xml": 1725902226695,
  "view/CreateConfirmAdhocHu.view.xml": 1725902226691,
  "view/BillofLading.view.xml": 1725902226691,
  "view/App.view.xml": 1725627928257,
  "view/AdhocProductWt.view.xml": 1725872955102,
  "view/AdhocHuWt.view.xml": 1725904190801,
  "fragments/SignUpDetails.fragment.xml": 1725627928257,
  "fragments/Resetpassword.fragment.xml": 1725627928257,
  "fragments/Forgotpassword.fragment.xml": 1725627928257,
  "fragments/ApproveDetails.fragment.xml": 1725627928257,
  "css/style.css": 1725902226687,
  "index.html": 1725627928257
}