{
  "controller/MaintainHU.controller.js": 1729659885696,
  "controller/WTQueryByQueue.controller.js": 1728730024182,
  "model/models.js": 1726031435656,
  "model/data1.json": 1728995580357,
  "model/data.json": 1726031435656,
  "controller/WTQueryByWT.controller.js": 1727345086110,
  "controller/WTQueryByWO.controller.js": 1729774621197,
  "uitls/Constant.js": 1728730024186,
  "controller/WTQueryByHU.controller.js": 1728730024182,
  "controller/WHProcessingByBOL.controller.js": 1728730024182,
  "controller/UnloadingByTU.controller.js": 1728730024182,
  "controller/UnloadingByShipment.controller.js": 1728730024182,
  "controller/UnloadingByDoor.controller.js": 1728730024182,
  "controller/UnloadingByConsignmentOrder.controller.js": 1728730024182,
  "controller/UnloadingByBillofLading.controller.js": 1728730024178,
  "controller/UnloadingASNDetails.controller.js": 1728730024178,
  "controller/UnloadByHu.controller.js": 1728730024178,
  "controller/UnloadByDelivery.controller.js": 1727345086106,
  "controller/Supervisor.controller.js": 1729659885700,
  "controller/StockBinQueryByProduct.controller.js": 1729774621197,
  "controller/StockBinQueryByBin.controller.js": 1729774621197,
  "controller/SetReadyforWHProcessingByCO.controller.js": 1728730024178,
  "controller/SerialNumberLocation.controller.js": 1729774621197,
  "controller/ReversalofConsumptionbyMObyHU.controller.js": 1728730024178,
  "controller/ReversalofConsumptionbyMO_Bin.controller.js": 1728730024178,
  "controller/ResourcePage.controller.js": 1729849287246,
  "controller/RecevingOfHUbyTUorDoor.controller.js": 1728730024178,
  "controller/RecevingOfHUbyManufacturingOrder.controller.js": 1728730024178,
  "controller/RecevingOfHUbyDelivery.controller.js": 1728730024178,
  "controller/Receivingofhubyco.controller.js": 1728730024178,
  "controller/ReceivingofHUbyTU.controller.js": 1728730024178,
  "controller/ReceivingofHUbyShipment.controller.js": 1728730024178,
  "controller/ReceivingofHUbyASN.controller.js": 1728730024178,
  "controller/ReceivingOfHuByDoor.controller.js": 1727345086102,
  "controller/PutawayByWO.controller.js": 1728730024178,
  "controller/PutawayByHuc.controller.js": 1728730024178,
  "controller/PutawayByHU.controller.js": 1728995580357,
  "controller/ProductInspectionByStorageBin.controller.js": 1728730024178,
  "controller/ProductInspectionByHU.controller.js": 1728730024178,
  "controller/PickPoint.controller.js": 1728730024178,
  "controller/ManuallyRepackingByHUItem.controller.js": 1728730024174,
  "controller/ManuallyRepackHU.controller.js": 1728730024174,
  "controller/ManuallyRepackAllHUItems.controller.js": 1728730024174,
  "i18n/i18n.properties": 1728730024182,
  "controller/LoadbyHUManPosAssiognment.controller.js": 1728730024174,
  "controller/LoadbyHUAutoPosAssiognment.controller.js": 1728730024174,
  "controller/InitialScreen.controller.js": 1729842334883,
  "controller/HuQuery.controller.js": 1729774621197,
  "controller/HuMaintanaceInDeconsolidation.controller.js": 1728995580357,
  "controller/Home.controller.js": 1729835844946,
  "controller/HUStockOverviewQuery.controller.js": 1729774621197,
  "controller/DeconsolidationManually.controller.js": 1728730024174,
  "controller/DeconsolidationAutomatically.controller.js": 1728730024174,
  "controller/DeconsAuto.controller.js": 1728730024174,
  "controller/CreationOfSingleHU.controller.js": 1728730024174,
  "controller/CreateShippingHUWOWC.controller.js": 1727345086102,
  "controller/CreateShippingHU.controller.js": 1727345086102,
  "controller/CreatePutawayHusforDeconsolidate.controller.js": 1728730024174,
  "controller/CreatePutawayHusManually.controller.js": 1728730024174,
  "controller/CreateConfirmAdhocProduct.controller.js": 1727345086102,
  "controller/CreateConfirmAdhocHu.controller.js": 1727345086102,
  "controller/ConsumptionByManufacturingOrder.controller.js": 1728995580353,
  "controller/ConfigLogin.controller.js": 1729835844946,
  "controller/ChangeResourceGroup.controller.js": 1728995580353,
  "controller/ChangeQueue.controller.js": 1728730024174,
  "controller/ChangeLoadingUnloadingDetails.controller.js": 1728730024170,
  "controller/BillofLading.controller.js": 1727345086102,
  "controller/BaseController.js": 1729743051782,
  "controller/AvailableHandlingUnitsOnBinQuery.controller.js": 1729849287242,
  "controller/AutomaticallyRepackHu.controller.js": 1728730024170,
  "controller/AutomaticallyRepackHUItem.controller.js": 1729659885696,
  "controller/App.controller.js": 1726031435652,
  "controller/AdhocProductWt.controller.js": 1727345086098,
  "controller/AdhocInventoryCreation.controller.js": 1728730024170,
  "controller/AdhocHuWt.controller.js": 1727345086098,
  "manifest.json": 1729850346777,
  "Component.js": 1727345033726,
  "controller/CreateConfirmAdhocProduct-dbg.controller.js": 1727345086102,
  "controller/CreateConfirmAdhocProduct.controller.js.map": 1729850347158,
  "model/models-dbg.js": 1726031435656,
  "model/models.js.map": 1729850347152,
  "controller/WTQueryByWT-dbg.controller.js": 1727345086110,
  "controller/WTQueryByWT.controller.js.map": 1729850347171,
  "controller/WTQueryByWO-dbg.controller.js": 1729774621197,
  "controller/WTQueryByWO.controller.js.map": 1729850347239,
  "uitls/Constant-dbg.js": 1728730024186,
  "uitls/Constant.js.map": 1729850347154,
  "controller/WTQueryByHU-dbg.controller.js": 1728730024182,
  "controller/WTQueryByHU.controller.js.map": 1729850347166,
  "controller/WHProcessingByBOL-dbg.controller.js": 1728730024182,
  "controller/WHProcessingByBOL.controller.js.map": 1729850347171,
  "controller/UnloadingByTU-dbg.controller.js": 1728730024182,
  "controller/UnloadingByTU.controller.js.map": 1729850347273,
  "controller/UnloadingByShipment-dbg.controller.js": 1728730024182,
  "controller/UnloadingByShipment.controller.js.map": 1729850347269,
  "controller/UnloadingByDoor-dbg.controller.js": 1728730024182,
  "controller/UnloadingByDoor.controller.js.map": 1729850347340,
  "controller/UnloadingByConsignmentOrder-dbg.controller.js": 1728730024182,
  "controller/UnloadingByConsignmentOrder.controller.js.map": 1729850347263,
  "controller/UnloadingByBillofLading-dbg.controller.js": 1728730024178,
  "controller/UnloadingByBillofLading.controller.js.map": 1729850347273,
  "controller/UnloadingASNDetails-dbg.controller.js": 1728730024178,
  "controller/UnloadingASNDetails.controller.js.map": 1729850347447,
  "controller/UnloadByHu-dbg.controller.js": 1728730024178,
  "controller/UnloadByHu.controller.js.map": 1729850347351,
  "controller/UnloadByDelivery-dbg.controller.js": 1727345086106,
  "controller/UnloadByDelivery.controller.js.map": 1729850347362,
  "controller/Supervisor-dbg.controller.js": 1729659885700,
  "controller/Supervisor.controller.js.map": 1729850347874,
  "controller/StockBinQueryByProduct-dbg.controller.js": 1729774621197,
  "controller/StockBinQueryByProduct.controller.js.map": 1729850347463,
  "controller/StockBinQueryByBin-dbg.controller.js": 1729774621197,
  "controller/StockBinQueryByBin.controller.js.map": 1729850347470,
  "controller/SetReadyforWHProcessingByCO-dbg.controller.js": 1728730024178,
  "controller/SetReadyforWHProcessingByCO.controller.js.map": 1729850347462,
  "controller/SerialNumberLocation-dbg.controller.js": 1729774621197,
  "controller/SerialNumberLocation.controller.js.map": 1729850347545,
  "controller/ReversalofConsumptionbyMObyHU-dbg.controller.js": 1728730024178,
  "controller/ReversalofConsumptionbyMObyHU.controller.js.map": 1729850347472,
  "controller/ReversalofConsumptionbyMO_Bin-dbg.controller.js": 1728730024178,
  "controller/ReversalofConsumptionbyMO_Bin.controller.js.map": 1729850347542,
  "controller/ResourcePage-dbg.controller.js": 1729849287246,
  "controller/ResourcePage.controller.js.map": 1729850348277,
  "controller/RecevingOfHUbyTUorDoor-dbg.controller.js": 1728730024178,
  "controller/RecevingOfHUbyTUorDoor.controller.js.map": 1729850347563,
  "controller/RecevingOfHUbyManufacturingOrder-dbg.controller.js": 1728730024178,
  "controller/RecevingOfHUbyManufacturingOrder.controller.js.map": 1729850347563,
  "controller/RecevingOfHUbyDelivery-dbg.controller.js": 1728730024178,
  "controller/RecevingOfHUbyDelivery.controller.js.map": 1729850347570,
  "controller/Receivingofhubyco-dbg.controller.js": 1728730024178,
  "controller/Receivingofhubyco.controller.js.map": 1729850347571,
  "controller/ReceivingofHUbyTU-dbg.controller.js": 1728730024178,
  "controller/ReceivingofHUbyTU.controller.js.map": 1729850347657,
  "controller/ReceivingofHUbyShipment-dbg.controller.js": 1728730024178,
  "controller/ReceivingofHUbyShipment.controller.js.map": 1729850347650,
  "controller/ReceivingofHUbyASN-dbg.controller.js": 1728730024178,
  "controller/ReceivingofHUbyASN.controller.js.map": 1729850347670,
  "controller/ReceivingOfHuByDoor-dbg.controller.js": 1727345086102,
  "controller/ReceivingOfHuByDoor.controller.js.map": 1729850347741,
  "controller/PutawayByWO-dbg.controller.js": 1728730024178,
  "controller/PutawayByWO.controller.js.map": 1729850347859,
  "controller/PutawayByHuc-dbg.controller.js": 1728730024178,
  "controller/PutawayByHuc.controller.js.map": 1729850347743,
  "controller/PutawayByHU-dbg.controller.js": 1728995580357,
  "controller/PutawayByHU.controller.js.map": 1729850347762,
  "controller/ProductInspectionByStorageBin-dbg.controller.js": 1728730024178,
  "controller/ProductInspectionByStorageBin.controller.js.map": 1729850347765,
  "controller/ProductInspectionByHU-dbg.controller.js": 1728730024178,
  "controller/ProductInspectionByHU.controller.js.map": 1729850347769,
  "controller/PickPoint-dbg.controller.js": 1728730024178,
  "controller/PickPoint.controller.js.map": 1729850347859,
  "controller/ManuallyRepackingByHUItem-dbg.controller.js": 1728730024174,
  "controller/ManuallyRepackingByHUItem.controller.js.map": 1729850347950,
  "controller/ManuallyRepackHU-dbg.controller.js": 1728730024174,
  "controller/ManuallyRepackHU.controller.js.map": 1729850347869,
  "controller/ManuallyRepackAllHUItems-dbg.controller.js": 1728730024174,
  "controller/ManuallyRepackAllHUItems.controller.js.map": 1729850347879,
  "controller/MaintainHU-dbg.controller.js": 1729659885696,
  "controller/MaintainHU.controller.js.map": 1729850347940,
  "controller/LoadbyHUManPosAssiognment-dbg.controller.js": 1728730024174,
  "controller/LoadbyHUManPosAssiognment.controller.js.map": 1729850347939,
  "controller/LoadbyHUAutoPosAssiognment-dbg.controller.js": 1728730024174,
  "controller/LoadbyHUAutoPosAssiognment.controller.js.map": 1729850347950,
  "controller/InitialScreen-dbg.controller.js": 1729842334883,
  "controller/InitialScreen.controller.js.map": 1729850348178,
  "controller/HuQuery-dbg.controller.js": 1729774621197,
  "controller/HuQuery.controller.js.map": 1729850348061,
  "controller/HuMaintanaceInDeconsolidation-dbg.controller.js": 1728995580357,
  "controller/HuMaintanaceInDeconsolidation.controller.js.map": 1729850347956,
  "controller/Home-dbg.controller.js": 1729835844946,
  "controller/Home.controller.js.map": 1729850348165,
  "controller/HUStockOverviewQuery-dbg.controller.js": 1729774621197,
  "controller/HUStockOverviewQuery.controller.js.map": 1729850348065,
  "controller/DeconsolidationManually-dbg.controller.js": 1728730024174,
  "controller/DeconsolidationManually.controller.js.map": 1729850348145,
  "controller/DeconsolidationAutomatically-dbg.controller.js": 1728730024174,
  "controller/DeconsolidationAutomatically.controller.js.map": 1729850348149,
  "controller/DeconsAuto-dbg.controller.js": 1728730024174,
  "controller/DeconsAuto.controller.js.map": 1729850348151,
  "controller/CreationOfSingleHU-dbg.controller.js": 1728730024174,
  "controller/CreationOfSingleHU.controller.js.map": 1729850348161,
  "controller/CreateShippingHUWOWC-dbg.controller.js": 1727345086102,
  "controller/CreateShippingHUWOWC.controller.js.map": 1729850348163,
  "controller/CreateShippingHU-dbg.controller.js": 1727345086102,
  "controller/CreateShippingHU.controller.js.map": 1729850348168,
  "controller/CreatePutawayHusforDeconsolidate-dbg.controller.js": 1728730024174,
  "controller/CreatePutawayHusforDeconsolidate.controller.js.map": 1729850348175,
  "controller/CreatePutawayHusManually-dbg.controller.js": 1728730024174,
  "controller/CreatePutawayHusManually.controller.js.map": 1729850348239,
  "controller/WTQueryByQueue-dbg.controller.js": 1728730024182,
  "controller/WTQueryByQueue.controller.js.map": 1729850348246,
  "controller/CreateConfirmAdhocHu-dbg.controller.js": 1727345086102,
  "controller/CreateConfirmAdhocHu.controller.js.map": 1729850348243,
  "controller/ConsumptionByManufacturingOrder-dbg.controller.js": 1728995580353,
  "controller/ConsumptionByManufacturingOrder.controller.js.map": 1729850348257,
  "controller/ConfigLogin-dbg.controller.js": 1729835844946,
  "controller/ConfigLogin.controller.js.map": 1729850348248,
  "controller/ChangeResourceGroup-dbg.controller.js": 1728995580353,
  "controller/ChangeResourceGroup.controller.js.map": 1729850348250,
  "controller/ChangeQueue-dbg.controller.js": 1728730024174,
  "controller/ChangeQueue.controller.js.map": 1729850348250,
  "controller/ChangeLoadingUnloadingDetails-dbg.controller.js": 1728730024170,
  "controller/ChangeLoadingUnloadingDetails.controller.js.map": 1729850348254,
  "controller/BillofLading-dbg.controller.js": 1727345086102,
  "controller/BillofLading.controller.js.map": 1729850348264,
  "controller/BaseController-dbg.js": 1729743051782,
  "controller/BaseController.js.map": 1729850348271,
  "controller/AvailableHandlingUnitsOnBinQuery-dbg.controller.js": 1729849287242,
  "controller/AvailableHandlingUnitsOnBinQuery.controller.js.map": 1729850348350,
  "controller/AutomaticallyRepackHu-dbg.controller.js": 1728730024170,
  "controller/AutomaticallyRepackHu.controller.js.map": 1729850348339,
  "controller/AutomaticallyRepackHUItem-dbg.controller.js": 1729659885696,
  "controller/AutomaticallyRepackHUItem.controller.js.map": 1729850348350,
  "controller/App-dbg.controller.js": 1726031435652,
  "controller/App.controller.js.map": 1729850348279,
  "controller/AdhocProductWt-dbg.controller.js": 1727345086098,
  "controller/AdhocProductWt.controller.js.map": 1729850348339,
  "controller/AdhocInventoryCreation-dbg.controller.js": 1728730024170,
  "controller/AdhocInventoryCreation.controller.js.map": 1729850348353,
  "controller/AdhocHuWt-dbg.controller.js": 1727345086098,
  "controller/AdhocHuWt.controller.js.map": 1729850348342,
  "Component-dbg.js": 1727345033726,
  "Component.js.map": 1729850348354,
  "Component-preload.js": 1729850349664,
  "Component-preload.js.map": 1729850349669,
  "view/WTQueryByWT.view.xml": 1729849287250,
  "view/WTQueryByWO.view.xml": 1729774621201,
  "view/WTQueryByQueue.view.xml": 1729659885704,
  "view/WTQueryByHU.view.xml": 1728730024202,
  "view/WHProcessingByBOL.view.xml": 1728730024202,
  "view/UnloadingByTU.view.xml": 1728730024202,
  "view/UnloadingByShipment.view.xml": 1727345086126,
  "view/UnloadingByDoor.view.xml": 1727345086126,
  "view/UnloadingByConsignmentOrder.view.xml": 1727345086126,
  "view/UnloadingByBillofLading.view.xml": 1728730024202,
  "view/UnloadingASNDetails.view.xml": 1728730024202,
  "view/UnloadByHu.view.xml": 1729743515708,
  "view/UnloadByDelivery.view.xml": 1726031435660,
  "view/Supervisor.view.xml": 1729743051794,
  "view/StockBinQueryByProduct.view.xml": 1729774621201,
  "view/StockBinQueryByBin.view.xml": 1729774621201,
  "view/SetReadyforWHProcessingByCO.view.xml": 1728730024202,
  "view/SerialNumberLocation.view.xml": 1729774621201,
  "view/ReversalofConsumptionbyMObyHU.view.xml": 1728730024202,
  "view/ReversalofConsumptionbyMO_Bin.view.xml": 1728730024202,
  "view/ResourcePage.view.xml": 1729774621201,
  "view/RecevingOfHUbyTUorDoor.view.xml": 1727345086122,
  "view/RecevingOfHUbyManufacturingOrder.view.xml": 1727345086118,
  "view/RecevingOfHUbyDelivery.view.xml": 1728730024202,
  "view/Receivingofhubyco.view.xml": 1727345086118,
  "view/ReceivingofHUbyTU.view.xml": 1726056557142,
  "view/ReceivingofHUbyShipment.view.xml": 1726056557142,
  "view/ReceivingofHUbyASN.view.xml": 1728730024202,
  "view/ReceivingOfHuByDoor.view.xml": 1726056557142,
  "view/PutawayByWO.view.xml": 1728995580357,
  "view/PutawayByHuc.view.xml": 1728730024202,
  "view/PutawayByHU.view.xml": 1728995580357,
  "view/ProductInspectionByStorageBin.view.xml": 1728730024202,
  "view/ProductInspectionByHU.view.xml": 1728730024202,
  "view/PickPoint.view.xml": 1728730024202,
  "view/ManuallyRepackingByHUItem.view.xml": 1728730024202,
  "view/ManuallyRepackHU.view.xml": 1728730024202,
  "view/ManuallyRepackAllHUItems.view.xml": 1728730024202,
  "view/MaintainHU.view.xml": 1728730024198,
  "view/LoadbyHUManPosAssiognment.view.xml": 1728995580357,
  "view/LoadbyHUAutoPosAssiognment.view.xml": 1728995580357,
  "view/InitialScreen.view.xml": 1729772558465,
  "view/HuQuery.view.xml": 1729659885700,
  "view/HuMaintanaceInDeconsolidation.view.xml": 1728995580357,
  "view/Home.view.xml": 1729835844946,
  "view/HUStockOverviewQuery.view.xml": 1729774621201,
  "view/DeconsolidationManually.view.xml": 1728730024198,
  "view/DeconsolidationAutomatically.view.xml": 1728730024198,
  "view/DeconsAuto.view.xml": 1728730024198,
  "view/CreationOfSingleHU.view.xml": 1728730024194,
  "view/CreateShippingHUWOWC.view.xml": 1728995580357,
  "view/CreateShippingHU.view.xml": 1728995580357,
  "view/CreatePutawayHusforDeconsolidate.view.xml": 1728730024194,
  "view/CreatePutawayHusManually.view.xml": 1728730024194,
  "view/CreateConfirmAdhocProduct.view.xml": 1727345086114,
  "view/CreateConfirmAdhocHu.view.xml": 1727345086114,
  "view/ConsumptionByManufacturingOrder.view.xml": 1728730024194,
  "view/ConfigLogin.view.xml": 1729849287246,
  "view/ChangeResourceGroup.view.xml": 1728730024194,
  "view/ChangeQueue.view.xml": 1728730024190,
  "view/ChangeLoadingUnloadingDetails.view.xml": 1728730024190,
  "view/BillofLading.view.xml": 1727345086114,
  "view/AvailableHandlingUnitsOnBinQuery.view.xml": 1729774621201,
  "view/AutomaticallyRepackHu.view.xml": 1728730024190,
  "view/AutomaticallyRepackHUItem.view.xml": 1728730024186,
  "view/App.view.xml": 1728730024186,
  "view/AdhocProductWt.view.xml": 1727345086110,
  "view/AdhocInventoryCreation.view.xml": 1728730024186,
  "view/AdhocHuWt.view.xml": 1727345086110,
  "fragments/UserTileView.fragment.xml": 1728995580357,
  "fragments/UserDetails.fragment.xml": 1729743051794,
  "fragments/SignUpDetails.fragment.xml": 1729659885700,
  "fragments/SelectToApplyTheme.fragment.xml": 1728995580357,
  "fragments/SelectFields.fragment.xml": 1728995580357,
  "fragments/SapLogon.fragment.xml": 1729771445592,
  "fragments/ProfileDialog.fragment.xml": 1729743051794,
  "fragments/LanguageTransulations.fragment.xml": 1728995580357,
  "fragments/InitialSignup.fragment.xml": 1729835844946,
  "fragments/GenerictilePressPopOver.fragment.xml": 1729774621197,
  "fragments/ConnecttoSAP.fragment.xml": 1728995580357,
  "fragments/ChangePassword.fragment.xml": 1729765635228,
  "fragments/AvatarInHomepage.fragment.xml": 1729659885700,
  "fragments/ApproveDetails.fragment.xml": 1728995580357,
  "docs/helpdoc.pdf": 1728995580357,
  "css/style.css": 1729835844946,
  "Images/Gif animation 1.gif": 1729835844942,
  "Images/Artihcuslogo.png": 1727345086098,
  "index.html": 1729774621197
}