{
  "controller/ReceivingofHUbyShipment-dbg.controller.js": 1726052076451,
  "controller/CreateConfirmAdhocHu.controller.js": 1726058245248,
  "model/data1.json": 1725627928257,
  "model/data.json": 1725902226687,
  "controller/WTQueryByWT.controller.js": 1726058245248,
  "controller/WTQueryByWO.controller.js": 1726058245248,
  "controller/WTQueryByHU.controller.js": 1726058245248,
  "controller/UnloadingByTU.controller.js": 1726052076455,
  "controller/UnloadingByShipment.controller.js": 1726052019859,
  "controller/UnloadingByDoor.controller.js": 1725902226683,
  "controller/UnloadingByConsignmentOrder.controller.js": 1726058245248,
  "controller/UnloadingByBillofLading.controller.js": 1726052076455,
  "controller/UnloadingASNDetails.controller.js": 1725947112139,
  "controller/UnloadByDelivery.controller.js": 1725906217418,
  "controller/Supervisor.controller.js": 1726058245248,
  "controller/StockBinQueryByProduct.controller.js": 1726058245248,
  "controller/StockBinQueryByBin.controller.js": 1726052019855,
  "controller/SerialNumberLocation.controller.js": 1726059091964,
  "controller/ResourcePage.controller.js": 1725902226679,
  "controller/RecevingOfHUbyTUorDoor.controller.js": 1726052076451,
  "controller/RecevingOfHUbyManufacturingOrder.controller.js": 1726052076451,
  "controller/RecevingOfHUbyDelivery.controller.js": 1726052019855,
  "controller/Receivingofhubyco.controller.js": 1726052019855,
  "controller/ReceivingofHUbyTU.controller.js": 1726052076451,
  "controller/ReceivingofHUbyShipment.controller.js": 1726052076451,
  "controller/ReceivingofHUbyASN.controller.js": 1726052076451,
  "controller/ReceivingOfHuByDoor.controller.js": 1726052076451,
  "controller/PutawayByWO.controller.js": 1726058245248,
  "controller/PutawayByHU.controller.js": 1725902226671,
  "controller/InitialScreen.controller.js": 1726058245248,
  "controller/HuQuery.controller.js": 1726052019851,
  "controller/Home.controller.js": 1725902226671,
  "controller/CreateConfirmAdhocProduct.controller.js": 1726058245248,
  "model/models.js": 1725627928257,
  "controller/BillofLading.controller.js": 1725902226663,
  "controller/BaseController.js": 1725627928257,
  "controller/AvailableHandlingUnitsOnBinQuery.controller.js": 1726058245248,
  "controller/App.controller.js": 1725627928257,
  "controller/AdhocProductWt.controller.js": 1725872955102,
  "controller/AdhocHuWt.controller.js": 1725872955102,
  "manifest.json": 1726059351152,
  "Component.js": 1725627928257,
  "controller/InitialScreen-dbg.controller.js": 1726058245248,
  "controller/InitialScreen.controller.js.map": 1726059351273,
  "controller/WTQueryByWT-dbg.controller.js": 1726058245248,
  "controller/WTQueryByWT.controller.js.map": 1726059351268,
  "controller/WTQueryByWO-dbg.controller.js": 1726058245248,
  "controller/WTQueryByWO.controller.js.map": 1726059351280,
  "controller/WTQueryByHU-dbg.controller.js": 1726058245248,
  "controller/WTQueryByHU.controller.js.map": 1726059351269,
  "controller/UnloadingByTU-dbg.controller.js": 1726052076455,
  "controller/UnloadingByTU.controller.js.map": 1726059351279,
  "controller/UnloadingByShipment-dbg.controller.js": 1726052019859,
  "controller/UnloadingByShipment.controller.js.map": 1726059351281,
  "controller/UnloadingByDoor-dbg.controller.js": 1725902226683,
  "controller/UnloadingByDoor.controller.js.map": 1726059351283,
  "controller/UnloadingByConsignmentOrder-dbg.controller.js": 1726058245248,
  "controller/UnloadingByConsignmentOrder.controller.js.map": 1726059351289,
  "controller/UnloadingByBillofLading-dbg.controller.js": 1726052076455,
  "controller/UnloadingByBillofLading.controller.js.map": 1726059351290,
  "controller/UnloadingASNDetails-dbg.controller.js": 1725947112139,
  "controller/UnloadingASNDetails.controller.js.map": 1726059351289,
  "controller/UnloadByDelivery-dbg.controller.js": 1725906217418,
  "controller/UnloadByDelivery.controller.js.map": 1726059351292,
  "controller/Supervisor-dbg.controller.js": 1726058245248,
  "controller/Supervisor.controller.js.map": 1726059351488,
  "controller/StockBinQueryByProduct-dbg.controller.js": 1726058245248,
  "controller/StockBinQueryByProduct.controller.js.map": 1726059351293,
  "controller/StockBinQueryByBin-dbg.controller.js": 1726052019855,
  "controller/StockBinQueryByBin.controller.js.map": 1726059351296,
  "controller/SerialNumberLocation-dbg.controller.js": 1726059091964,
  "controller/SerialNumberLocation.controller.js.map": 1726059351298,
  "controller/ResourcePage-dbg.controller.js": 1725902226679,
  "controller/ResourcePage.controller.js.map": 1726059351302,
  "controller/RecevingOfHUbyTUorDoor-dbg.controller.js": 1726052076451,
  "controller/RecevingOfHUbyTUorDoor.controller.js.map": 1726059351302,
  "controller/RecevingOfHUbyManufacturingOrder-dbg.controller.js": 1726052076451,
  "controller/RecevingOfHUbyManufacturingOrder.controller.js.map": 1726059351364,
  "controller/RecevingOfHUbyDelivery-dbg.controller.js": 1726052019855,
  "controller/RecevingOfHUbyDelivery.controller.js.map": 1726059351367,
  "controller/Receivingofhubyco-dbg.controller.js": 1726052019855,
  "controller/Receivingofhubyco.controller.js.map": 1726059351368,
  "controller/ReceivingofHUbyTU-dbg.controller.js": 1726052076451,
  "controller/ReceivingofHUbyTU.controller.js.map": 1726059351369,
  "i18n/i18n.properties": 1725627928257,
  "controller/ReceivingofHUbyShipment.controller.js.map": 1726059351373,
  "controller/ReceivingofHUbyASN-dbg.controller.js": 1726052076451,
  "controller/ReceivingofHUbyASN.controller.js.map": 1726059351374,
  "controller/ReceivingOfHuByDoor-dbg.controller.js": 1726052076451,
  "controller/ReceivingOfHuByDoor.controller.js.map": 1726059351387,
  "controller/PutawayByWO-dbg.controller.js": 1726058245248,
  "controller/PutawayByWO.controller.js.map": 1726059351379,
  "controller/PutawayByHU-dbg.controller.js": 1725902226671,
  "controller/PutawayByHU.controller.js.map": 1726059351377,
  "controller/CreateConfirmAdhocHu-dbg.controller.js": 1726058245248,
  "controller/CreateConfirmAdhocHu.controller.js.map": 1726059351380,
  "controller/HuQuery-dbg.controller.js": 1726052019851,
  "controller/HuQuery.controller.js.map": 1726059351391,
  "controller/Home-dbg.controller.js": 1725902226671,
  "controller/Home.controller.js.map": 1726059351404,
  "controller/CreateConfirmAdhocProduct-dbg.controller.js": 1726058245248,
  "controller/CreateConfirmAdhocProduct.controller.js.map": 1726059351391,
  "model/models-dbg.js": 1725627928257,
  "model/models.js.map": 1726059351394,
  "controller/BillofLading-dbg.controller.js": 1725902226663,
  "controller/BillofLading.controller.js.map": 1726059351398,
  "controller/BaseController-dbg.js": 1725627928257,
  "controller/BaseController.js.map": 1726059351398,
  "controller/AvailableHandlingUnitsOnBinQuery-dbg.controller.js": 1726058245248,
  "controller/AvailableHandlingUnitsOnBinQuery.controller.js.map": 1726059351400,
  "controller/App-dbg.controller.js": 1725627928257,
  "controller/App.controller.js.map": 1726059351399,
  "controller/AdhocProductWt-dbg.controller.js": 1725872955102,
  "controller/AdhocProductWt.controller.js.map": 1726059351405,
  "controller/AdhocHuWt-dbg.controller.js": 1725872955102,
  "controller/AdhocHuWt.controller.js.map": 1726059351404,
  "Component-dbg.js": 1725627928257,
  "Component.js.map": 1726059351406,
  "Component-preload.js": 1726059351795,
  "Component-preload.js.map": 1726059351796,
  "view/WTQueryByWT.view.xml": 1726058245252,
  "view/WTQueryByWO.view.xml": 1726052076471,
  "view/WTQueryByHU.view.xml": 1726058245252,
  "view/UnloadingByTU.view.xml": 1726052076471,
  "view/UnloadingByShipment.view.xml": 1726052076471,
  "view/UnloadingByDoor.view.xml": 1726058245252,
  "view/UnloadingByConsignmentOrder.view.xml": 1726058245252,
  "view/UnloadingByBillofLading.view.xml": 1726052076471,
  "view/UnloadingASNDetails.view.xml": 1725947112139,
  "view/UnloadByDelivery.view.xml": 1725954458745,
  "view/Supervisor.view.xml": 1726058245252,
  "view/StockBinQueryByProduct.view.xml": 1726058245252,
  "view/StockBinQueryByBin.view.xml": 1726052019867,
  "view/SerialNumberLocation.view.xml": 1726058245252,
  "view/ResourcePage.view.xml": 1725902226699,
  "view/RecevingOfHUbyTUorDoor.view.xml": 1726052076467,
  "view/RecevingOfHUbyManufacturingOrder.view.xml": 1726052076467,
  "view/RecevingOfHUbyDelivery.view.xml": 1726052019867,
  "view/Receivingofhubyco.view.xml": 1726052019863,
  "view/ReceivingofHUbyTU.view.xml": 1726052076467,
  "view/ReceivingofHUbyShipment.view.xml": 1726052076467,
  "view/ReceivingofHUbyASN.view.xml": 1726052076467,
  "view/ReceivingOfHuByDoor.view.xml": 1726052076467,
  "view/PutawayByWO.view.xml": 1726058245252,
  "view/PutawayByHU.view.xml": 1725902226695,
  "view/InitialScreen.view.xml": 1726054323237,
  "view/HuQuery.view.xml": 1726053313226,
  "view/Home.view.xml": 1725627928257,
  "view/CreateConfirmAdhocProduct.view.xml": 1726052076463,
  "view/CreateConfirmAdhocHu.view.xml": 1726052076463,
  "view/BillofLading.view.xml": 1725902226691,
  "view/AvailableHandlingUnitsOnBinQuery.view.xml": 1726058245252,
  "view/App.view.xml": 1725627928257,
  "view/AdhocProductWt.view.xml": 1725872955102,
  "view/AdhocHuWt.view.xml": 1726052076459,
  "fragments/SignUpDetails.fragment.xml": 1725627928257,
  "fragments/SapLogon.fragment.xml": 1726053313226,
  "fragments/Resetpassword.fragment.xml": 1725627928257,
  "fragments/Forgotpassword.fragment.xml": 1725627928257,
  "fragments/ConnecttoSAP.fragment.xml": 1726058245252,
  "fragments/ApproveDetails.fragment.xml": 1725627928257,
  "css/style.css": 1726058245252,
  "index.html": 1725627928257
}