{
  "view/Home.view.xml": 1725627928257,
  "controller/CreateConfirmAdhocHu.controller.js": 1725902226667,
  "model/data1.json": 1725627928257,
  "model/data.json": 1725902226687,
  "controller/UnloadingByDoor.controller.js": 1725902226683,
  "controller/UnloadingByBillofLading.controller.js": 1725902226683,
  "controller/UnloadingASNDetails.controller.js": 1725947112139,
  "controller/UnloadByDelivery.controller.js": 1725906217418,
  "controller/Supervisor.controller.js": 1725951953284,
  "controller/StockBinQueryByBin.controller.js": 1725859652508,
  "controller/ResourcePage.controller.js": 1725902226679,
  "controller/RecevingOfHUbyDelivery.controller.js": 1725902226679,
  "controller/ReceivingofHUbyASN.controller.js": 1725947112139,
  "controller/ReceivingOfHuByDoor.controller.js": 1725902226679,
  "controller/PutawayByWO.controller.js": 1725902226675,
  "controller/PutawayByHU.controller.js": 1725902226671,
  "controller/HuQuery.controller.js": 1725947112139,
  "controller/Home.controller.js": 1725902226671,
  "controller/CreateConfirmAdhocProduct.controller.js": 1725902226667,
  "model/models.js": 1725627928257,
  "controller/BillofLading.controller.js": 1725902226663,
  "controller/BaseController.js": 1725627928257,
  "controller/App.controller.js": 1725627928257,
  "controller/AdhocProductWt.controller.js": 1725872955102,
  "controller/AdhocHuWt.controller.js": 1725872955102,
  "manifest.json": 1725952234568,
  "Component.js": 1725627928257,
  "controller/App-dbg.controller.js": 1725627928257,
  "controller/App.controller.js.map": 1725952234686,
  "controller/UnloadingByDoor-dbg.controller.js": 1725902226683,
  "controller/UnloadingByDoor.controller.js.map": 1725952234696,
  "controller/UnloadingByBillofLading-dbg.controller.js": 1725902226683,
  "controller/UnloadingByBillofLading.controller.js.map": 1725952234697,
  "controller/UnloadingASNDetails-dbg.controller.js": 1725947112139,
  "controller/UnloadingASNDetails.controller.js.map": 1725952234696,
  "controller/UnloadByDelivery-dbg.controller.js": 1725906217418,
  "controller/UnloadByDelivery.controller.js.map": 1725952234698,
  "controller/Supervisor-dbg.controller.js": 1725951953284,
  "controller/Supervisor.controller.js.map": 1725952234857,
  "controller/StockBinQueryByBin-dbg.controller.js": 1725859652508,
  "controller/StockBinQueryByBin.controller.js.map": 1725952234697,
  "controller/ResourcePage-dbg.controller.js": 1725902226679,
  "controller/ResourcePage.controller.js.map": 1725952234733,
  "controller/RecevingOfHUbyDelivery-dbg.controller.js": 1725902226679,
  "controller/RecevingOfHUbyDelivery.controller.js.map": 1725952234738,
  "controller/ReceivingofHUbyASN-dbg.controller.js": 1725947112139,
  "controller/ReceivingofHUbyASN.controller.js.map": 1725952234738,
  "controller/ReceivingOfHuByDoor-dbg.controller.js": 1725902226679,
  "controller/ReceivingOfHuByDoor.controller.js.map": 1725952234747,
  "controller/PutawayByWO-dbg.controller.js": 1725902226675,
  "controller/PutawayByWO.controller.js.map": 1725952234744,
  "controller/PutawayByHU-dbg.controller.js": 1725902226671,
  "controller/PutawayByHU.controller.js.map": 1725952234743,
  "controller/HuQuery-dbg.controller.js": 1725947112139,
  "controller/HuQuery.controller.js.map": 1725952234754,
  "controller/Home-dbg.controller.js": 1725902226671,
  "controller/Home.controller.js.map": 1725952234769,
  "controller/CreateConfirmAdhocProduct-dbg.controller.js": 1725902226667,
  "controller/CreateConfirmAdhocProduct.controller.js.map": 1725952234751,
  "model/models-dbg.js": 1725627928257,
  "model/models.js.map": 1725952234752,
  "controller/BillofLading-dbg.controller.js": 1725902226663,
  "controller/BillofLading.controller.js.map": 1725952234758,
  "controller/BaseController-dbg.js": 1725627928257,
  "controller/BaseController.js.map": 1725952234757,
  "controller/CreateConfirmAdhocHu-dbg.controller.js": 1725902226667,
  "controller/CreateConfirmAdhocHu.controller.js.map": 1725952234762,
  "controller/AdhocProductWt-dbg.controller.js": 1725872955102,
  "controller/AdhocProductWt.controller.js.map": 1725952234760,
  "controller/AdhocHuWt-dbg.controller.js": 1725872955102,
  "controller/AdhocHuWt.controller.js.map": 1725952234762,
  "Component-dbg.js": 1725627928257,
  "Component.js.map": 1725952234763,
  "Component-preload.js": 1725952235064,
  "Component-preload.js.map": 1725952235065,
  "view/UnloadingByDoor.view.xml": 1725902226703,
  "view/UnloadingByBillofLading.view.xml": 1725902226703,
  "view/UnloadingASNDetails.view.xml": 1725947112139,
  "view/UnloadByDelivery.view.xml": 1725943021490,
  "view/Supervisor.view.xml": 1725947112139,
  "view/StockBinQueryByBin.view.xml": 1725902226703,
  "view/ResourcePage.view.xml": 1725902226699,
  "view/RecevingOfHUbyDelivery.view.xml": 1725902226699,
  "view/ReceivingofHUbyASN.view.xml": 1725947112139,
  "view/ReceivingOfHuByDoor.view.xml": 1725902226699,
  "view/PutawayByWO.view.xml": 1725902226695,
  "view/PutawayByHU.view.xml": 1725902226695,
  "view/HuQuery.view.xml": 1725902983788,
  "i18n/i18n.properties": 1725627928257,
  "view/CreateConfirmAdhocProduct.view.xml": 1725902226695,
  "view/CreateConfirmAdhocHu.view.xml": 1725950662597,
  "view/BillofLading.view.xml": 1725902226691,
  "view/App.view.xml": 1725627928257,
  "view/AdhocProductWt.view.xml": 1725872955102,
  "view/AdhocHuWt.view.xml": 1725904190801,
  "fragments/SignUpDetails.fragment.xml": 1725627928257,
  "fragments/Resetpassword.fragment.xml": 1725627928257,
  "fragments/Forgotpassword.fragment.xml": 1725627928257,
  "fragments/ApproveDetails.fragment.xml": 1725627928257,
  "css/style.css": 1725947112139,
  "index.html": 1725627928257
}