{
  "Component-preload.js.map": 1726027409510,
  "controller/ResourcePage.controller.js": 1725902226679,
  "model/data1.json": 1725627928257,
  "model/data.json": 1725902226687,
  "controller/UnloadingByTU.controller.js": 1725976565141,
  "controller/UnloadingByShipment.controller.js": 1725976565141,
  "controller/UnloadingByDoor.controller.js": 1725902226683,
  "controller/UnloadingByConsignmentOrder.controller.js": 1725976565141,
  "controller/UnloadingByBillofLading.controller.js": 1725902226683,
  "controller/UnloadingASNDetails.controller.js": 1725947112139,
  "controller/UnloadByDelivery.controller.js": 1725906217418,
  "controller/Supervisor.controller.js": 1726025745254,
  "controller/StockBinQueryByProduct.controller.js": 1725976565137,
  "controller/StockBinQueryByBin.controller.js": 1726027347142,
  "model/models.js": 1725627928257,
  "controller/RecevingOfHUbyManufacturingOrder.controller.js": 1725976565133,
  "controller/RecevingOfHUbyDelivery.controller.js": 1725976565133,
  "controller/Receivingofhubyco.controller.js": 1725976565129,
  "controller/ReceivingofHUbyShipment.controller.js": 1725976565129,
  "controller/ReceivingofHUbyASN.controller.js": 1725954458745,
  "controller/ReceivingOfHuByDoor.controller.js": 1725902226679,
  "controller/PutawayByWO.controller.js": 1725902226675,
  "controller/PutawayByHU.controller.js": 1725902226671,
  "controller/HuQuery.controller.js": 1725976565129,
  "controller/Home.controller.js": 1725902226671,
  "controller/CreateConfirmAdhocProduct.controller.js": 1725902226667,
  "controller/CreateConfirmAdhocHu.controller.js": 1725902226667,
  "controller/BillofLading.controller.js": 1725902226663,
  "controller/BaseController.js": 1725627928257,
  "controller/App.controller.js": 1725627928257,
  "controller/AdhocProductWt.controller.js": 1725872955102,
  "controller/AdhocHuWt.controller.js": 1725872955102,
  "manifest.json": 1726027408856,
  "Component.js": 1725627928257,
  "controller/PutawayByHU-dbg.controller.js": 1725902226671,
  "controller/PutawayByHU.controller.js.map": 1726027409040,
  "controller/UnloadingByTU-dbg.controller.js": 1725976565141,
  "controller/UnloadingByTU.controller.js.map": 1726027409049,
  "controller/UnloadingByShipment-dbg.controller.js": 1725976565141,
  "controller/UnloadingByShipment.controller.js.map": 1726027409046,
  "controller/UnloadingByDoor-dbg.controller.js": 1725902226683,
  "controller/UnloadingByDoor.controller.js.map": 1726027409035,
  "controller/UnloadingByConsignmentOrder-dbg.controller.js": 1725976565141,
  "controller/UnloadingByConsignmentOrder.controller.js.map": 1726027409047,
  "controller/UnloadingByBillofLading-dbg.controller.js": 1725902226683,
  "controller/UnloadingByBillofLading.controller.js.map": 1726027409052,
  "controller/UnloadingASNDetails-dbg.controller.js": 1725947112139,
  "controller/UnloadingASNDetails.controller.js.map": 1726027409064,
  "controller/UnloadByDelivery-dbg.controller.js": 1725906217418,
  "controller/UnloadByDelivery.controller.js.map": 1726027409067,
  "controller/Supervisor-dbg.controller.js": 1726025745254,
  "controller/Supervisor.controller.js.map": 1726027409208,
  "controller/StockBinQueryByProduct-dbg.controller.js": 1725976565137,
  "controller/StockBinQueryByProduct.controller.js.map": 1726027409065,
  "controller/StockBinQueryByBin-dbg.controller.js": 1726027347142,
  "controller/StockBinQueryByBin.controller.js.map": 1726027409073,
  "model/models-dbg.js": 1725627928257,
  "model/models.js.map": 1726027409070,
  "controller/RecevingOfHUbyManufacturingOrder-dbg.controller.js": 1725976565133,
  "controller/RecevingOfHUbyManufacturingOrder.controller.js.map": 1726027409073,
  "controller/RecevingOfHUbyDelivery-dbg.controller.js": 1725976565133,
  "controller/RecevingOfHUbyDelivery.controller.js.map": 1726027409075,
  "controller/Receivingofhubyco-dbg.controller.js": 1725976565129,
  "controller/Receivingofhubyco.controller.js.map": 1726027409080,
  "controller/ReceivingofHUbyShipment-dbg.controller.js": 1725976565129,
  "controller/ReceivingofHUbyShipment.controller.js.map": 1726027409081,
  "controller/ReceivingofHUbyASN-dbg.controller.js": 1725954458745,
  "controller/ReceivingofHUbyASN.controller.js.map": 1726027409091,
  "controller/ReceivingOfHuByDoor-dbg.controller.js": 1725902226679,
  "controller/ReceivingOfHuByDoor.controller.js.map": 1726027409093,
  "controller/PutawayByWO-dbg.controller.js": 1725902226675,
  "controller/PutawayByWO.controller.js.map": 1726027409096,
  "controller/ResourcePage-dbg.controller.js": 1725902226679,
  "controller/ResourcePage.controller.js.map": 1726027409100,
  "controller/HuQuery-dbg.controller.js": 1725976565129,
  "controller/HuQuery.controller.js.map": 1726027409107,
  "controller/Home-dbg.controller.js": 1725902226671,
  "controller/Home.controller.js.map": 1726027409167,
  "controller/CreateConfirmAdhocProduct-dbg.controller.js": 1725902226667,
  "controller/CreateConfirmAdhocProduct.controller.js.map": 1726027409113,
  "controller/CreateConfirmAdhocHu-dbg.controller.js": 1725902226667,
  "controller/CreateConfirmAdhocHu.controller.js.map": 1726027409112,
  "controller/BillofLading-dbg.controller.js": 1725902226663,
  "controller/BillofLading.controller.js.map": 1726027409164,
  "controller/BaseController-dbg.js": 1725627928257,
  "controller/BaseController.js.map": 1726027409167,
  "controller/App-dbg.controller.js": 1725627928257,
  "controller/App.controller.js.map": 1726027409165,
  "controller/AdhocProductWt-dbg.controller.js": 1725872955102,
  "controller/AdhocProductWt.controller.js.map": 1726027409168,
  "controller/AdhocHuWt-dbg.controller.js": 1725872955102,
  "controller/AdhocHuWt.controller.js.map": 1726027409169,
  "Component-dbg.js": 1725627928257,
  "Component.js.map": 1726027409171,
  "Component-preload.js": 1726027409509,
  "i18n/i18n.properties": 1725627928257,
  "view/UnloadingByTU.view.xml": 1725976565165,
  "view/UnloadingByShipment.view.xml": 1725976565161,
  "view/UnloadingByDoor.view.xml": 1725902226703,
  "view/UnloadingByConsignmentOrder.view.xml": 1725976565161,
  "view/UnloadingByBillofLading.view.xml": 1725976565157,
  "view/UnloadingASNDetails.view.xml": 1725947112139,
  "view/UnloadByDelivery.view.xml": 1725954458745,
  "view/Supervisor.view.xml": 1725976565157,
  "view/StockBinQueryByProduct.view.xml": 1725976565153,
  "view/StockBinQueryByBin.view.xml": 1726027353998,
  "view/ResourcePage.view.xml": 1725902226699,
  "view/RecevingOfHUbyManufacturingOrder.view.xml": 1725976565153,
  "view/RecevingOfHUbyDelivery.view.xml": 1725976565153,
  "view/Receivingofhubyco.view.xml": 1725976565149,
  "view/ReceivingofHUbyShipment.view.xml": 1725976565149,
  "view/ReceivingofHUbyASN.view.xml": 1725954458745,
  "view/ReceivingOfHuByDoor.view.xml": 1725902226699,
  "view/PutawayByWO.view.xml": 1725902226695,
  "view/PutawayByHU.view.xml": 1725902226695,
  "view/HuQuery.view.xml": 1725976565149,
  "view/Home.view.xml": 1725627928257,
  "view/CreateConfirmAdhocProduct.view.xml": 1725902226695,
  "view/CreateConfirmAdhocHu.view.xml": 1725954458745,
  "view/BillofLading.view.xml": 1725902226691,
  "view/App.view.xml": 1725627928257,
  "view/AdhocProductWt.view.xml": 1725872955102,
  "view/AdhocHuWt.view.xml": 1725904190801,
  "fragments/SignUpDetails.fragment.xml": 1725627928257,
  "fragments/Resetpassword.fragment.xml": 1725627928257,
  "fragments/Forgotpassword.fragment.xml": 1725627928257,
  "fragments/ApproveDetails.fragment.xml": 1725627928257,
  "css/style.css": 1725976565145,
  "index.html": 1725627928257
}