{
  "view/ManuallyRepackAllHUItems.view.xml": 1727156183769,
  "controller/ReceivingofHUbyTU.controller.js": 1727236611177,
  "model/models.js": 1727069485075,
  "model/data1.json": 1727069485075,
  "model/data.json": 1727069485075,
  "controller/WTQueryByWT.controller.js": 1727069485075,
  "controller/WTQueryByWO.controller.js": 1727069485075,
  "controller/WTQueryByQueue.controller.js": 1727069485075,
  "controller/WTQueryByHU.controller.js": 1727069485075,
  "controller/WHProcessingByBOL.controller.js": 1727762956579,
  "controller/UnloadingByTU.controller.js": 1727069485075,
  "controller/UnloadingByShipment.controller.js": 1727069485075,
  "controller/UnloadingByDoor.controller.js": 1727069485075,
  "controller/UnloadingByConsignmentOrder.controller.js": 1727069485075,
  "controller/UnloadingByBillofLading.controller.js": 1727069485075,
  "controller/UnloadingASNDetails.controller.js": 1727069485075,
  "controller/UnloadByHu.controller.js": 1727236611177,
  "controller/UnloadByDelivery.controller.js": 1727069485075,
  "controller/Supervisor.controller.js": 1727762956579,
  "controller/StockBinQueryByProduct.controller.js": 1727069485071,
  "controller/StockBinQueryByBin.controller.js": 1727069485071,
  "controller/SetReadyforWHProcessingByCO.controller.js": 1727762956579,
  "controller/SerialNumberLocation.controller.js": 1727069485071,
  "controller/ReversalofConsumptionbyMObyHU.controller.js": 1727175270412,
  "controller/ReversalofConsumptionbyMO_Bin.controller.js": 1727762956579,
  "controller/ResourcePage.controller.js": 1727762956579,
  "controller/RecevingOfHUbyTUorDoor.controller.js": 1727069485071,
  "controller/RecevingOfHUbyManufacturingOrder.controller.js": 1727069485071,
  "controller/RecevingOfHUbyDelivery.controller.js": 1727069485071,
  "controller/Receivingofhubyco.controller.js": 1727156183765,
  "uitls/Constant.js": 1727156183769,
  "controller/ReceivingofHUbyShipment.controller.js": 1727236611177,
  "controller/ReceivingofHUbyASN.controller.js": 1727236611177,
  "controller/ReceivingOfHuByDoor.controller.js": 1727069485071,
  "controller/PutawayByWO.controller.js": 1727069485071,
  "controller/PutawayByHuc.controller.js": 1727156183765,
  "controller/PutawayByHU.controller.js": 1727762956579,
  "controller/ProductInspectionByStorageBin.controller.js": 1727069485071,
  "controller/ProductInspectionByHU.controller.js": 1727069485071,
  "controller/PickPoint.controller.js": 1727236611177,
  "controller/ManuallyRepackingByHUItem.controller.js": 1727156183765,
  "controller/ManuallyRepackHU.controller.js": 1727156183765,
  "controller/ManuallyRepackAllHUItems.controller.js": 1727156183765,
  "controller/MaintainHU.controller.js": 1727069485071,
  "controller/LoadbyHUManPosAssiognment.controller.js": 1727236611177,
  "controller/LoadbyHUAutoPosAssiognment.controller.js": 1727762956579,
  "controller/InitialScreen.controller.js": 1727765579098,
  "controller/HuQuery.controller.js": 1727762956579,
  "controller/HuMaintanaceInDeconsolidation.controller.js": 1727156183765,
  "controller/Home.controller.js": 1727762956579,
  "controller/HUStockOverviewQuery.controller.js": 1727156183765,
  "controller/DeconsolidationManually.controller.js": 1727069485071,
  "controller/DeconsolidationAutomatically.controller.js": 1727069485071,
  "controller/DeconsAuto.controller.js": 1727156183765,
  "controller/CreationOfSingleHU.controller.js": 1727069485071,
  "controller/CreateShippingHUWOWC.controller.js": 1727069485071,
  "controller/CreateShippingHU.controller.js": 1727069485071,
  "controller/CreatePutawayHusforDeconsolidate.controller.js": 1727069485071,
  "controller/CreatePutawayHusManually.controller.js": 1727069485071,
  "controller/CreateConfirmAdhocProduct.controller.js": 1727069485071,
  "controller/CreateConfirmAdhocHu.controller.js": 1727069485071,
  "controller/ConsumptionByManufacturingOrder.controller.js": 1727762956579,
  "controller/ChangeResourceGroup.controller.js": 1727762956579,
  "controller/ChangeQueue.controller.js": 1727069485071,
  "controller/ChangeLoadingUnloadingDetails.controller.js": 1727762956579,
  "controller/BillofLading.controller.js": 1727069485071,
  "controller/BaseController.js": 1727069485071,
  "controller/AvailableHandlingUnitsOnBinQuery.controller.js": 1727069485071,
  "controller/AutomaticallyRepackHu.controller.js": 1727762956579,
  "controller/AutomaticallyRepackHUItem.controller.js": 1727156183765,
  "controller/App.controller.js": 1727069485071,
  "controller/AdhocProductWt.controller.js": 1727156183765,
  "controller/AdhocInventoryCreation.controller.js": 1727069485071,
  "controller/AdhocHuWt.controller.js": 1727069485071,
  "manifest.json": 1727766199083,
  "Component.js": 1727069485071,
  "controller/AutomaticallyRepackHUItem-dbg.controller.js": 1727156183765,
  "controller/AutomaticallyRepackHUItem.controller.js.map": 1727766199233,
  "model/models-dbg.js": 1727069485075,
  "model/models.js.map": 1727766199179,
  "controller/WTQueryByWT-dbg.controller.js": 1727069485075,
  "controller/WTQueryByWT.controller.js.map": 1727766199185,
  "controller/WTQueryByWO-dbg.controller.js": 1727069485075,
  "controller/WTQueryByWO.controller.js.map": 1727766199231,
  "controller/WTQueryByQueue-dbg.controller.js": 1727069485075,
  "controller/WTQueryByQueue.controller.js.map": 1727766199231,
  "controller/WTQueryByHU-dbg.controller.js": 1727069485075,
  "controller/WTQueryByHU.controller.js.map": 1727766199231,
  "controller/WHProcessingByBOL-dbg.controller.js": 1727762956579,
  "controller/WHProcessingByBOL.controller.js.map": 1727766199237,
  "controller/UnloadingByTU-dbg.controller.js": 1727069485075,
  "controller/UnloadingByTU.controller.js.map": 1727766199244,
  "controller/UnloadingByShipment-dbg.controller.js": 1727069485075,
  "controller/UnloadingByShipment.controller.js.map": 1727766199246,
  "controller/UnloadingByDoor-dbg.controller.js": 1727069485075,
  "controller/UnloadingByDoor.controller.js.map": 1727766199245,
  "controller/UnloadingByConsignmentOrder-dbg.controller.js": 1727069485075,
  "controller/UnloadingByConsignmentOrder.controller.js.map": 1727766199247,
  "controller/UnloadingByBillofLading-dbg.controller.js": 1727069485075,
  "controller/UnloadingByBillofLading.controller.js.map": 1727766199252,
  "controller/UnloadingASNDetails-dbg.controller.js": 1727069485075,
  "controller/UnloadingASNDetails.controller.js.map": 1727766199254,
  "controller/UnloadByHu-dbg.controller.js": 1727236611177,
  "controller/UnloadByHu.controller.js.map": 1727766199252,
  "controller/UnloadByDelivery-dbg.controller.js": 1727069485075,
  "controller/UnloadByDelivery.controller.js.map": 1727766199255,
  "controller/Supervisor-dbg.controller.js": 1727762956579,
  "controller/Supervisor.controller.js.map": 1727766199541,
  "controller/StockBinQueryByProduct-dbg.controller.js": 1727069485071,
  "controller/StockBinQueryByProduct.controller.js.map": 1727766199258,
  "controller/StockBinQueryByBin-dbg.controller.js": 1727069485071,
  "controller/StockBinQueryByBin.controller.js.map": 1727766199261,
  "controller/SetReadyforWHProcessingByCO-dbg.controller.js": 1727762956579,
  "controller/SetReadyforWHProcessingByCO.controller.js.map": 1727766199259,
  "controller/SerialNumberLocation-dbg.controller.js": 1727069485071,
  "controller/SerialNumberLocation.controller.js.map": 1727766199263,
  "controller/ReversalofConsumptionbyMObyHU-dbg.controller.js": 1727175270412,
  "controller/ReversalofConsumptionbyMObyHU.controller.js.map": 1727766199266,
  "controller/ReversalofConsumptionbyMO_Bin-dbg.controller.js": 1727762956579,
  "controller/ReversalofConsumptionbyMO_Bin.controller.js.map": 1727766199266,
  "controller/ResourcePage-dbg.controller.js": 1727762956579,
  "controller/ResourcePage.controller.js.map": 1727766199437,
  "controller/RecevingOfHUbyTUorDoor-dbg.controller.js": 1727069485071,
  "controller/RecevingOfHUbyTUorDoor.controller.js.map": 1727766199331,
  "controller/RecevingOfHUbyManufacturingOrder-dbg.controller.js": 1727069485071,
  "controller/RecevingOfHUbyManufacturingOrder.controller.js.map": 1727766199334,
  "controller/RecevingOfHUbyDelivery-dbg.controller.js": 1727069485071,
  "controller/RecevingOfHUbyDelivery.controller.js.map": 1727766199341,
  "controller/Receivingofhubyco-dbg.controller.js": 1727156183765,
  "controller/Receivingofhubyco.controller.js.map": 1727766199343,
  "uitls/Constant-dbg.js": 1727156183769,
  "uitls/Constant.js.map": 1727766199342,
  "controller/ReceivingofHUbyShipment-dbg.controller.js": 1727236611177,
  "controller/ReceivingofHUbyShipment.controller.js.map": 1727766199363,
  "controller/ReceivingofHUbyASN-dbg.controller.js": 1727236611177,
  "controller/ReceivingofHUbyASN.controller.js.map": 1727766199363,
  "controller/ReceivingOfHuByDoor-dbg.controller.js": 1727069485071,
  "controller/ReceivingOfHuByDoor.controller.js.map": 1727766199457,
  "controller/PutawayByWO-dbg.controller.js": 1727069485071,
  "controller/PutawayByWO.controller.js.map": 1727766199368,
  "controller/PutawayByHuc-dbg.controller.js": 1727156183765,
  "controller/PutawayByHuc.controller.js.map": 1727766199370,
  "controller/PutawayByHU-dbg.controller.js": 1727762956579,
  "controller/PutawayByHU.controller.js.map": 1727766199432,
  "controller/ProductInspectionByStorageBin-dbg.controller.js": 1727069485071,
  "controller/ProductInspectionByStorageBin.controller.js.map": 1727766199436,
  "controller/ProductInspectionByHU-dbg.controller.js": 1727069485071,
  "controller/ProductInspectionByHU.controller.js.map": 1727766199444,
  "controller/PickPoint-dbg.controller.js": 1727236611177,
  "controller/PickPoint.controller.js.map": 1727766199456,
  "controller/ManuallyRepackingByHUItem-dbg.controller.js": 1727156183765,
  "controller/ManuallyRepackingByHUItem.controller.js.map": 1727766199452,
  "controller/ManuallyRepackHU-dbg.controller.js": 1727156183765,
  "controller/ManuallyRepackHU.controller.js.map": 1727766199457,
  "controller/ManuallyRepackAllHUItems-dbg.controller.js": 1727156183765,
  "controller/ManuallyRepackAllHUItems.controller.js.map": 1727766199536,
  "controller/MaintainHU-dbg.controller.js": 1727069485071,
  "controller/MaintainHU.controller.js.map": 1727766199463,
  "controller/LoadbyHUManPosAssiognment-dbg.controller.js": 1727236611177,
  "controller/LoadbyHUManPosAssiognment.controller.js.map": 1727766199460,
  "controller/LoadbyHUAutoPosAssiognment-dbg.controller.js": 1727762956579,
  "controller/LoadbyHUAutoPosAssiognment.controller.js.map": 1727766199462,
  "controller/InitialScreen-dbg.controller.js": 1727765579098,
  "controller/InitialScreen.controller.js.map": 1727766199566,
  "controller/HuQuery-dbg.controller.js": 1727762956579,
  "controller/HuQuery.controller.js.map": 1727766199539,
  "controller/HuMaintanaceInDeconsolidation-dbg.controller.js": 1727156183765,
  "controller/HuMaintanaceInDeconsolidation.controller.js.map": 1727766199541,
  "controller/Home-dbg.controller.js": 1727762956579,
  "controller/Home.controller.js.map": 1727766199563,
  "controller/HUStockOverviewQuery-dbg.controller.js": 1727156183765,
  "controller/HUStockOverviewQuery.controller.js.map": 1727766199549,
  "controller/DeconsolidationManually-dbg.controller.js": 1727069485071,
  "controller/DeconsolidationManually.controller.js.map": 1727766199549,
  "controller/DeconsolidationAutomatically-dbg.controller.js": 1727069485071,
  "controller/DeconsolidationAutomatically.controller.js.map": 1727766199552,
  "controller/DeconsAuto-dbg.controller.js": 1727156183765,
  "controller/DeconsAuto.controller.js.map": 1727766199550,
  "controller/CreationOfSingleHU-dbg.controller.js": 1727069485071,
  "controller/CreationOfSingleHU.controller.js.map": 1727766199553,
  "controller/CreateShippingHUWOWC-dbg.controller.js": 1727069485071,
  "controller/CreateShippingHUWOWC.controller.js.map": 1727766199555,
  "controller/CreateShippingHU-dbg.controller.js": 1727069485071,
  "controller/CreateShippingHU.controller.js.map": 1727766199556,
  "controller/CreatePutawayHusforDeconsolidate-dbg.controller.js": 1727069485071,
  "controller/CreatePutawayHusforDeconsolidate.controller.js.map": 1727766199559,
  "controller/CreatePutawayHusManually-dbg.controller.js": 1727069485071,
  "controller/CreatePutawayHusManually.controller.js.map": 1727766199558,
  "controller/CreateConfirmAdhocProduct-dbg.controller.js": 1727069485071,
  "controller/CreateConfirmAdhocProduct.controller.js.map": 1727766199562,
  "controller/CreateConfirmAdhocHu-dbg.controller.js": 1727069485071,
  "controller/CreateConfirmAdhocHu.controller.js.map": 1727766199565,
  "controller/ConsumptionByManufacturingOrder-dbg.controller.js": 1727762956579,
  "controller/ConsumptionByManufacturingOrder.controller.js.map": 1727766199568,
  "controller/ChangeResourceGroup-dbg.controller.js": 1727762956579,
  "controller/ChangeResourceGroup.controller.js.map": 1727766199565,
  "controller/ChangeQueue-dbg.controller.js": 1727069485071,
  "controller/ChangeQueue.controller.js.map": 1727766199566,
  "controller/ChangeLoadingUnloadingDetails-dbg.controller.js": 1727762956579,
  "controller/ChangeLoadingUnloadingDetails.controller.js.map": 1727766199570,
  "controller/BillofLading-dbg.controller.js": 1727069485071,
  "controller/BillofLading.controller.js.map": 1727766199632,
  "controller/BaseController-dbg.js": 1727069485071,
  "controller/BaseController.js.map": 1727766199568,
  "controller/AvailableHandlingUnitsOnBinQuery-dbg.controller.js": 1727069485071,
  "controller/AvailableHandlingUnitsOnBinQuery.controller.js.map": 1727766199571,
  "controller/AutomaticallyRepackHu-dbg.controller.js": 1727762956579,
  "controller/AutomaticallyRepackHu.controller.js.map": 1727766199633,
  "controller/ReceivingofHUbyTU-dbg.controller.js": 1727236611177,
  "controller/ReceivingofHUbyTU.controller.js.map": 1727766199635,
  "controller/App-dbg.controller.js": 1727069485071,
  "controller/App.controller.js.map": 1727766199571,
  "controller/AdhocProductWt-dbg.controller.js": 1727156183765,
  "controller/AdhocProductWt.controller.js.map": 1727766199631,
  "controller/AdhocInventoryCreation-dbg.controller.js": 1727069485071,
  "controller/AdhocInventoryCreation.controller.js.map": 1727766199635,
  "controller/AdhocHuWt-dbg.controller.js": 1727069485071,
  "controller/AdhocHuWt.controller.js.map": 1727766199636,
  "Component-dbg.js": 1727069485071,
  "Component.js.map": 1727766199634,
  "Component-preload.js": 1727766200096,
  "Component-preload.js.map": 1727766200098,
  "view/WTQueryByWT.view.xml": 1727762956587,
  "view/WTQueryByWO.view.xml": 1727069485079,
  "view/WTQueryByQueue.view.xml": 1727069485079,
  "view/WTQueryByHU.view.xml": 1727156183773,
  "view/WHProcessingByBOL.view.xml": 1727762956587,
  "view/UnloadingByTU.view.xml": 1727260901834,
  "view/UnloadingByShipment.view.xml": 1727069485079,
  "view/UnloadingByDoor.view.xml": 1727069485079,
  "view/UnloadingByConsignmentOrder.view.xml": 1727069485079,
  "view/UnloadingByBillofLading.view.xml": 1727240642980,
  "view/UnloadingASNDetails.view.xml": 1727156183773,
  "view/UnloadByHu.view.xml": 1727762956587,
  "view/UnloadByDelivery.view.xml": 1727069485079,
  "view/Supervisor.view.xml": 1727762956587,
  "view/StockBinQueryByProduct.view.xml": 1727069485079,
  "view/StockBinQueryByBin.view.xml": 1727069485079,
  "view/SetReadyforWHProcessingByCO.view.xml": 1727762956587,
  "view/SerialNumberLocation.view.xml": 1727762956587,
  "view/ReversalofConsumptionbyMObyHU.view.xml": 1727261454937,
  "view/ReversalofConsumptionbyMO_Bin.view.xml": 1727762956587,
  "view/ResourcePage.view.xml": 1727762956587,
  "view/RecevingOfHUbyTUorDoor.view.xml": 1727069485079,
  "view/RecevingOfHUbyManufacturingOrder.view.xml": 1727069485079,
  "view/RecevingOfHUbyDelivery.view.xml": 1727762956583,
  "view/Receivingofhubyco.view.xml": 1727069485079,
  "view/ReceivingofHUbyTU.view.xml": 1727069485079,
  "view/ReceivingofHUbyShipment.view.xml": 1727069485079,
  "view/ReceivingofHUbyASN.view.xml": 1727236611177,
  "view/ReceivingOfHuByDoor.view.xml": 1727069485079,
  "view/PutawayByWO.view.xml": 1727069485079,
  "view/PutawayByHuc.view.xml": 1727156183769,
  "view/PutawayByHU.view.xml": 1727762956583,
  "view/ProductInspectionByStorageBin.view.xml": 1727069485079,
  "view/ProductInspectionByHU.view.xml": 1727069485079,
  "view/PickPoint.view.xml": 1727236611177,
  "view/ManuallyRepackingByHUItem.view.xml": 1727156183769,
  "view/ManuallyRepackHU.view.xml": 1727156183769,
  "i18n/i18n.properties": 1727069485075,
  "view/MaintainHU.view.xml": 1727261203806,
  "view/LoadbyHUManPosAssiognment.view.xml": 1727762956583,
  "view/LoadbyHUAutoPosAssiognment.view.xml": 1727762956583,
  "view/InitialScreen.view.xml": 1727762956583,
  "view/HuQuery.view.xml": 1727762956583,
  "view/HuMaintanaceInDeconsolidation.view.xml": 1727156183769,
  "view/Home.view.xml": 1727762956583,
  "view/HUStockOverviewQuery.view.xml": 1727236611177,
  "view/DeconsolidationManually.view.xml": 1727261157910,
  "view/DeconsolidationAutomatically.view.xml": 1727261072506,
  "view/DeconsAuto.view.xml": 1727156183769,
  "view/CreationOfSingleHU.view.xml": 1727261399642,
  "view/CreateShippingHUWOWC.view.xml": 1727762956583,
  "view/CreateShippingHU.view.xml": 1727762956583,
  "view/CreatePutawayHusforDeconsolidate.view.xml": 1727069485075,
  "view/CreatePutawayHusManually.view.xml": 1727069485075,
  "view/CreateConfirmAdhocProduct.view.xml": 1727069485075,
  "view/CreateConfirmAdhocHu.view.xml": 1727069485075,
  "view/ConsumptionByManufacturingOrder.view.xml": 1727762956583,
  "view/ChangeResourceGroup.view.xml": 1727069485075,
  "view/ChangeQueue.view.xml": 1727069485075,
  "view/ChangeLoadingUnloadingDetails.view.xml": 1727762956583,
  "view/BillofLading.view.xml": 1727069485075,
  "view/AvailableHandlingUnitsOnBinQuery.view.xml": 1727069485075,
  "view/AutomaticallyRepackHu.view.xml": 1727762956583,
  "view/AutomaticallyRepackHUItem.view.xml": 1727156183769,
  "view/App.view.xml": 1727236611177,
  "view/AdhocProductWt.view.xml": 1727069485075,
  "view/AdhocInventoryCreation.view.xml": 1727236611177,
  "view/AdhocHuWt.view.xml": 1727069485075,
  "fragments/SignUpDetails.fragment.xml": 1727762956583,
  "fragments/SapLogon.fragment.xml": 1727762956579,
  "fragments/Resetpassword.fragment.xml": 1727069485075,
  "fragments/ProfileDialog.fragment.xml": 1727236611177,
  "fragments/ConnecttoSAP.fragment.xml": 1727762956579,
  "fragments/ChangePassword.fragment.xml": 1727762956579,
  "fragments/ApproveDetails.fragment.xml": 1727762956579,
  "css/style.css": 1727762956579,
  "docs/helpdoc.pdf": 1727764409753,
  "Images/Artihcuslogo.png": 1727069485071,
  "index.html": 1727764833359
}