{
  "view/PutawayByHU.view.xml": 1728987366528,
  "controller/ReceivingOfHuByDoor.controller.js": 1728987366520,
  "model/models.js": 1728987366524,
  "model/data1.json": 1728987366524,
  "model/data.json": 1728987366524,
  "controller/WTQueryByWT.controller.js": 1731317741457,
  "controller/WTQueryByWO.controller.js": 1731303276124,
  "controller/WTQueryByQueue.controller.js": 1731069785113,
  "controller/WTQueryByHU.controller.js": 1731316808271,
  "controller/WHProcessingByBOL.controller.js": 1728987366520,
  "controller/UnloadingByTU.controller.js": 1730779227380,
  "controller/UnloadingByShipment.controller.js": 1728987366520,
  "controller/UnloadingByDoor.controller.js": 1728987366520,
  "controller/UnloadingByConsignmentOrder.controller.js": 1728987366520,
  "controller/UnloadingByBillofLading.controller.js": 1728987366520,
  "controller/UnloadingASNDetails.controller.js": 1728987366520,
  "controller/UnloadByHu.controller.js": 1728987366520,
  "controller/UnloadByDelivery.controller.js": 1728987366520,
  "controller/Supervisor.controller.js": 1730267844418,
  "controller/StockBinQueryByProduct.controller.js": 1731303276124,
  "controller/StockBinQueryByBin.controller.js": 1731303276124,
  "controller/SetReadyforWHProcessingByCO.controller.js": 1728987366520,
  "controller/SerialNumberLocation.controller.js": 1730984058440,
  "controller/ReversalofConsumptionbyMObyHU.controller.js": 1728987366520,
  "controller/ReversalofConsumptionbyMO_Bin.controller.js": 1728987366520,
  "controller/ResourcePage.controller.js": 1730984058440,
  "controller/RecevingOfHUbyTUorDoor.controller.js": 1728987366520,
  "controller/RecevingOfHUbyManufacturingOrder.controller.js": 1728987366520,
  "controller/RecevingOfHUbyDelivery.controller.js": 1728987366520,
  "controller/Receivingofhubyco.controller.js": 1728987366520,
  "controller/ReceivingofHUbyTU.controller.js": 1728987366520,
  "controller/ReceivingofHUbyShipment.controller.js": 1728987366520,
  "controller/ReceivingofHUbyASN.controller.js": 1728987366520,
  "uitls/Constant.js": 1728987366524,
  "controller/PutawayByWO.controller.js": 1728987366520,
  "controller/PutawayByHuc.controller.js": 1728987366520,
  "controller/PutawayByHU.controller.js": 1728987366520,
  "controller/ProductInspectionByStorageBin.controller.js": 1728987366520,
  "controller/ProductInspectionByHU.controller.js": 1728987366520,
  "controller/PickPoint.controller.js": 1728987366520,
  "controller/ManuallyRepackingByHUItem.controller.js": 1728987366520,
  "controller/ManuallyRepackHU.controller.js": 1728987366520,
  "controller/ManuallyRepackAllHUItems.controller.js": 1728987366520,
  "controller/MaintainHU.controller.js": 1729774934389,
  "controller/LoadbyHUManPosAssiognment.controller.js": 1728987366520,
  "controller/LoadbyHUAutoPosAssiognment.controller.js": 1728987366520,
  "controller/InitialScreen.controller.js": 1731319743587,
  "controller/HuQuery.controller.js": 1731298613953,
  "controller/HuMaintanaceInDeconsolidation.controller.js": 1729495863607,
  "controller/Home.controller.js": 1730984058440,
  "controller/HUStockOverviewQuery.controller.js": 1730876698750,
  "controller/DeconsolidationManually.controller.js": 1728987366520,
  "controller/DeconsolidationAutomatically.controller.js": 1728987366520,
  "controller/DeconsAuto.controller.js": 1728987366520,
  "controller/CreationOfSingleHU.controller.js": 1728987366520,
  "controller/CreateShippingHUWOWC.controller.js": 1728987366520,
  "controller/CreateShippingHU.controller.js": 1728987366520,
  "controller/CreatePutawayHusforDeconsolidate.controller.js": 1728987366520,
  "controller/CreatePutawayHusManually.controller.js": 1728987366520,
  "controller/CreateConfirmAdhocProduct.controller.js": 1728987366520,
  "controller/CreateConfirmAdhocHu.controller.js": 1728987366520,
  "controller/ConsumptionByManufacturingOrder.controller.js": 1728987366520,
  "controller/ConfigLogin.controller.js": 1730984058440,
  "controller/ChangeResourceGroup.controller.js": 1728987366520,
  "controller/ChangeQueue.controller.js": 1728987366520,
  "controller/ChangeLoadingUnloadingDetails.controller.js": 1728987366520,
  "controller/BillofLading.controller.js": 1728987366516,
  "controller/BaseController.js": 1730984058440,
  "controller/AvailableHandlingUnitsOnBinQuery.controller.js": 1730876698750,
  "controller/AutomaticallyRepackHu.controller.js": 1728987366516,
  "controller/AutomaticallyRepackHUItem.controller.js": 1729495863607,
  "controller/App.controller.js": 1728987366516,
  "controller/AdhocProductWt.controller.js": 1728987366516,
  "controller/AdhocInventoryCreation.controller.js": 1728987366516,
  "controller/AdhocHuWt.controller.js": 1728987366516,
  "manifest.json": 1731319834159,
  "Component.js": 1730809813047,
  "controller/AutomaticallyRepackHUItem-dbg.controller.js": 1729495863607,
  "controller/AutomaticallyRepackHUItem.controller.js.map": 1731319834385,
  "model/models-dbg.js": 1728987366524,
  "model/models.js.map": 1731319834352,
  "controller/WTQueryByWT-dbg.controller.js": 1731317741457,
  "controller/WTQueryByWT.controller.js.map": 1731319834367,
  "controller/WTQueryByWO-dbg.controller.js": 1731303276124,
  "controller/WTQueryByWO.controller.js.map": 1731319834466,
  "controller/WTQueryByQueue-dbg.controller.js": 1731069785113,
  "controller/WTQueryByQueue.controller.js.map": 1731319834453,
  "controller/WTQueryByHU-dbg.controller.js": 1731316808271,
  "controller/WTQueryByHU.controller.js.map": 1731319834392,
  "controller/WHProcessingByBOL-dbg.controller.js": 1728987366520,
  "controller/WHProcessingByBOL.controller.js.map": 1731319834395,
  "controller/UnloadingByTU-dbg.controller.js": 1730779227380,
  "controller/UnloadingByTU.controller.js.map": 1731319834402,
  "controller/UnloadingByShipment-dbg.controller.js": 1728987366520,
  "controller/UnloadingByShipment.controller.js.map": 1731319834405,
  "controller/UnloadingByDoor-dbg.controller.js": 1728987366520,
  "controller/UnloadingByDoor.controller.js.map": 1731319834453,
  "controller/UnloadingByConsignmentOrder-dbg.controller.js": 1728987366520,
  "controller/UnloadingByConsignmentOrder.controller.js.map": 1731319834465,
  "controller/UnloadingByBillofLading-dbg.controller.js": 1728987366520,
  "controller/UnloadingByBillofLading.controller.js.map": 1731319834469,
  "controller/UnloadingASNDetails-dbg.controller.js": 1728987366520,
  "controller/UnloadingASNDetails.controller.js.map": 1731319834465,
  "controller/UnloadByHu-dbg.controller.js": 1728987366520,
  "controller/UnloadByHu.controller.js.map": 1731319834481,
  "controller/UnloadByDelivery-dbg.controller.js": 1728987366520,
  "controller/UnloadByDelivery.controller.js.map": 1731319834481,
  "controller/Supervisor-dbg.controller.js": 1730267844418,
  "controller/Supervisor.controller.js.map": 1731319834758,
  "controller/StockBinQueryByProduct-dbg.controller.js": 1731303276124,
  "controller/StockBinQueryByProduct.controller.js.map": 1731319834488,
  "controller/StockBinQueryByBin-dbg.controller.js": 1731303276124,
  "controller/StockBinQueryByBin.controller.js.map": 1731319834509,
  "controller/SetReadyforWHProcessingByCO-dbg.controller.js": 1728987366520,
  "controller/SetReadyforWHProcessingByCO.controller.js.map": 1731319834485,
  "controller/SerialNumberLocation-dbg.controller.js": 1730984058440,
  "controller/SerialNumberLocation.controller.js.map": 1731319834505,
  "controller/ReversalofConsumptionbyMObyHU-dbg.controller.js": 1728987366520,
  "controller/ReversalofConsumptionbyMObyHU.controller.js.map": 1731319834498,
  "controller/ReversalofConsumptionbyMO_Bin-dbg.controller.js": 1728987366520,
  "controller/ReversalofConsumptionbyMO_Bin.controller.js.map": 1731319834509,
  "controller/ResourcePage-dbg.controller.js": 1730984058440,
  "controller/ResourcePage.controller.js.map": 1731319834856,
  "controller/RecevingOfHUbyTUorDoor-dbg.controller.js": 1728987366520,
  "controller/RecevingOfHUbyTUorDoor.controller.js.map": 1731319834553,
  "controller/RecevingOfHUbyManufacturingOrder-dbg.controller.js": 1728987366520,
  "controller/RecevingOfHUbyManufacturingOrder.controller.js.map": 1731319834560,
  "controller/RecevingOfHUbyDelivery-dbg.controller.js": 1728987366520,
  "controller/RecevingOfHUbyDelivery.controller.js.map": 1731319834560,
  "controller/Receivingofhubyco-dbg.controller.js": 1728987366520,
  "controller/Receivingofhubyco.controller.js.map": 1731319834565,
  "controller/ReceivingofHUbyTU-dbg.controller.js": 1728987366520,
  "controller/ReceivingofHUbyTU.controller.js.map": 1731319834566,
  "controller/ReceivingofHUbyShipment-dbg.controller.js": 1728987366520,
  "controller/ReceivingofHUbyShipment.controller.js.map": 1731319834574,
  "controller/ReceivingofHUbyASN-dbg.controller.js": 1728987366520,
  "controller/ReceivingofHUbyASN.controller.js.map": 1731319834572,
  "uitls/Constant-dbg.js": 1728987366524,
  "uitls/Constant.js.map": 1731319834573,
  "controller/PutawayByWO-dbg.controller.js": 1728987366520,
  "controller/PutawayByWO.controller.js.map": 1731319834580,
  "controller/PutawayByHuc-dbg.controller.js": 1728987366520,
  "controller/PutawayByHuc.controller.js.map": 1731319834576,
  "controller/PutawayByHU-dbg.controller.js": 1728987366520,
  "controller/PutawayByHU.controller.js.map": 1731319834581,
  "controller/ProductInspectionByStorageBin-dbg.controller.js": 1728987366520,
  "controller/ProductInspectionByStorageBin.controller.js.map": 1731319834583,
  "controller/ProductInspectionByHU-dbg.controller.js": 1728987366520,
  "controller/ProductInspectionByHU.controller.js.map": 1731319834583,
  "controller/PickPoint-dbg.controller.js": 1728987366520,
  "controller/PickPoint.controller.js.map": 1731319834660,
  "controller/ManuallyRepackingByHUItem-dbg.controller.js": 1728987366520,
  "controller/ManuallyRepackingByHUItem.controller.js.map": 1731319834591,
  "controller/ManuallyRepackHU-dbg.controller.js": 1728987366520,
  "controller/ManuallyRepackHU.controller.js.map": 1731319834659,
  "controller/ManuallyRepackAllHUItems-dbg.controller.js": 1728987366520,
  "controller/ManuallyRepackAllHUItems.controller.js.map": 1731319834671,
  "controller/MaintainHU-dbg.controller.js": 1729774934389,
  "controller/MaintainHU.controller.js.map": 1731319834671,
  "controller/LoadbyHUManPosAssiognment-dbg.controller.js": 1728987366520,
  "controller/LoadbyHUManPosAssiognment.controller.js.map": 1731319834674,
  "controller/LoadbyHUAutoPosAssiognment-dbg.controller.js": 1728987366520,
  "controller/LoadbyHUAutoPosAssiognment.controller.js.map": 1731319834674,
  "controller/InitialScreen-dbg.controller.js": 1731319743587,
  "controller/InitialScreen.controller.js.map": 1731319834710,
  "controller/HuQuery-dbg.controller.js": 1731298613953,
  "controller/HuQuery.controller.js.map": 1731319834685,
  "controller/HuMaintanaceInDeconsolidation-dbg.controller.js": 1729495863607,
  "controller/HuMaintanaceInDeconsolidation.controller.js.map": 1731319834692,
  "controller/Home-dbg.controller.js": 1730984058440,
  "controller/Home.controller.js.map": 1731319834764,
  "controller/HUStockOverviewQuery-dbg.controller.js": 1730876698750,
  "controller/HUStockOverviewQuery.controller.js.map": 1731319834768,
  "controller/DeconsolidationManually-dbg.controller.js": 1728987366520,
  "controller/DeconsolidationManually.controller.js.map": 1731319834770,
  "controller/DeconsolidationAutomatically-dbg.controller.js": 1728987366520,
  "controller/DeconsolidationAutomatically.controller.js.map": 1731319834767,
  "controller/DeconsAuto-dbg.controller.js": 1728987366520,
  "controller/DeconsAuto.controller.js.map": 1731319834768,
  "controller/CreationOfSingleHU-dbg.controller.js": 1728987366520,
  "controller/CreationOfSingleHU.controller.js.map": 1731319834770,
  "controller/CreateShippingHUWOWC-dbg.controller.js": 1728987366520,
  "controller/CreateShippingHUWOWC.controller.js.map": 1731319834770,
  "controller/CreateShippingHU-dbg.controller.js": 1728987366520,
  "controller/CreateShippingHU.controller.js.map": 1731319834772,
  "controller/CreatePutawayHusforDeconsolidate-dbg.controller.js": 1728987366520,
  "controller/CreatePutawayHusforDeconsolidate.controller.js.map": 1731319834781,
  "controller/CreatePutawayHusManually-dbg.controller.js": 1728987366520,
  "controller/CreatePutawayHusManually.controller.js.map": 1731319834774,
  "controller/CreateConfirmAdhocProduct-dbg.controller.js": 1728987366520,
  "controller/CreateConfirmAdhocProduct.controller.js.map": 1731319834777,
  "controller/CreateConfirmAdhocHu-dbg.controller.js": 1728987366520,
  "controller/CreateConfirmAdhocHu.controller.js.map": 1731319834778,
  "controller/ConsumptionByManufacturingOrder-dbg.controller.js": 1728987366520,
  "controller/ConsumptionByManufacturingOrder.controller.js.map": 1731319834787,
  "controller/ConfigLogin-dbg.controller.js": 1730984058440,
  "controller/ConfigLogin.controller.js.map": 1731319834779,
  "controller/ChangeResourceGroup-dbg.controller.js": 1728987366520,
  "controller/ChangeResourceGroup.controller.js.map": 1731319834781,
  "controller/ChangeQueue-dbg.controller.js": 1728987366520,
  "controller/ChangeQueue.controller.js.map": 1731319834783,
  "controller/ChangeLoadingUnloadingDetails-dbg.controller.js": 1728987366520,
  "controller/ChangeLoadingUnloadingDetails.controller.js.map": 1731319834781,
  "controller/BillofLading-dbg.controller.js": 1728987366516,
  "controller/BillofLading.controller.js.map": 1731319834787,
  "controller/BaseController-dbg.js": 1730984058440,
  "controller/BaseController.js.map": 1731319834801,
  "controller/AvailableHandlingUnitsOnBinQuery-dbg.controller.js": 1730876698750,
  "controller/AvailableHandlingUnitsOnBinQuery.controller.js.map": 1731319834797,
  "controller/AutomaticallyRepackHu-dbg.controller.js": 1728987366516,
  "controller/AutomaticallyRepackHu.controller.js.map": 1731319834791,
  "controller/ReceivingOfHuByDoor-dbg.controller.js": 1728987366520,
  "controller/ReceivingOfHuByDoor.controller.js.map": 1731319834803,
  "controller/App-dbg.controller.js": 1728987366516,
  "controller/App.controller.js.map": 1731319834797,
  "controller/AdhocProductWt-dbg.controller.js": 1728987366516,
  "controller/AdhocProductWt.controller.js.map": 1731319834802,
  "controller/AdhocInventoryCreation-dbg.controller.js": 1728987366516,
  "controller/AdhocInventoryCreation.controller.js.map": 1731319834859,
  "controller/AdhocHuWt-dbg.controller.js": 1728987366516,
  "controller/AdhocHuWt.controller.js.map": 1731319834856,
  "Component-dbg.js": 1730809813047,
  "Component.js.map": 1731319834857,
  "Component-preload.js": 1731319835472,
  "Component-preload.js.map": 1731319835477,
  "view/WTQueryByWT.view.xml": 1731317741457,
  "view/WTQueryByWO.view.xml": 1731303276140,
  "view/WTQueryByQueue.view.xml": 1731069785117,
  "view/WTQueryByHU.view.xml": 1731316808275,
  "view/WHProcessingByBOL.view.xml": 1728987366532,
  "view/UnloadingByTU.view.xml": 1728987366532,
  "view/UnloadingByShipment.view.xml": 1728987366532,
  "view/UnloadingByDoor.view.xml": 1728987366532,
  "view/UnloadingByConsignmentOrder.view.xml": 1728987366532,
  "view/UnloadingByBillofLading.view.xml": 1730267844434,
  "view/UnloadingASNDetails.view.xml": 1728987366532,
  "view/UnloadByHu.view.xml": 1729774934461,
  "view/UnloadByDelivery.view.xml": 1728987366532,
  "view/Supervisor.view.xml": 1731316808275,
  "view/StockBinQueryByProduct.view.xml": 1731303276140,
  "view/StockBinQueryByBin.view.xml": 1731303276140,
  "view/SetReadyforWHProcessingByCO.view.xml": 1728987366532,
  "view/SerialNumberLocation.view.xml": 1731303276140,
  "view/ReversalofConsumptionbyMObyHU.view.xml": 1728987366532,
  "view/ReversalofConsumptionbyMO_Bin.view.xml": 1728987366532,
  "view/ResourcePage.view.xml": 1730984058444,
  "view/RecevingOfHUbyTUorDoor.view.xml": 1728987366532,
  "view/RecevingOfHUbyManufacturingOrder.view.xml": 1728987366532,
  "view/RecevingOfHUbyDelivery.view.xml": 1728987366532,
  "view/Receivingofhubyco.view.xml": 1728987366532,
  "view/ReceivingofHUbyTU.view.xml": 1728987366532,
  "view/ReceivingofHUbyShipment.view.xml": 1728987366532,
  "view/ReceivingofHUbyASN.view.xml": 1728987366528,
  "view/ReceivingOfHuByDoor.view.xml": 1728987366528,
  "view/PutawayByWO.view.xml": 1728987366528,
  "view/PutawayByHuc.view.xml": 1728987366528,
  "i18n/i18n.properties": 1731303276132,
  "view/ProductInspectionByStorageBin.view.xml": 1728987366528,
  "view/ProductInspectionByHU.view.xml": 1728987366528,
  "view/PickPoint.view.xml": 1728987366528,
  "view/ManuallyRepackingByHUItem.view.xml": 1728987366528,
  "view/ManuallyRepackHU.view.xml": 1728987366528,
  "view/ManuallyRepackAllHUItems.view.xml": 1728987366528,
  "view/MaintainHU.view.xml": 1728987366528,
  "view/LoadbyHUManPosAssiognment.view.xml": 1728987366528,
  "view/LoadbyHUAutoPosAssiognment.view.xml": 1728987366528,
  "view/InitialScreen.view.xml": 1731303276140,
  "view/HuQuery.view.xml": 1731317741457,
  "view/HuMaintanaceInDeconsolidation.view.xml": 1729495863615,
  "view/Home.view.xml": 1730799721580,
  "view/HUStockOverviewQuery.view.xml": 1730984058444,
  "view/DeconsolidationManually.view.xml": 1728987366528,
  "view/DeconsolidationAutomatically.view.xml": 1728987366528,
  "view/DeconsAuto.view.xml": 1728987366528,
  "view/CreationOfSingleHU.view.xml": 1728987366528,
  "view/CreateShippingHUWOWC.view.xml": 1728987366528,
  "view/CreateShippingHU.view.xml": 1728987366528,
  "view/CreatePutawayHusforDeconsolidate.view.xml": 1728987366528,
  "view/CreatePutawayHusManually.view.xml": 1728987366528,
  "view/CreateConfirmAdhocProduct.view.xml": 1728987366528,
  "view/CreateConfirmAdhocHu.view.xml": 1728987366528,
  "view/ConsumptionByManufacturingOrder.view.xml": 1728987366528,
  "view/ConfigLogin.view.xml": 1730803443091,
  "view/ChangeResourceGroup.view.xml": 1728987366528,
  "view/ChangeQueue.view.xml": 1728987366528,
  "view/ChangeLoadingUnloadingDetails.view.xml": 1728987366528,
  "view/BillofLading.view.xml": 1728987366524,
  "view/AvailableHandlingUnitsOnBinQuery.view.xml": 1730877514113,
  "view/AutomaticallyRepackHu.view.xml": 1728987366524,
  "view/AutomaticallyRepackHUItem.view.xml": 1728987366524,
  "view/App.view.xml": 1728987366524,
  "view/AdhocProductWt.view.xml": 1728987366524,
  "view/AdhocInventoryCreation.view.xml": 1728987366524,
  "view/AdhocHuWt.view.xml": 1728987366524,
  "docs/helpdoc.pdf": 1728987366524,
  "fragments/UserTileView.fragment.xml": 1728987366524,
  "fragments/UserDetails.fragment.xml": 1730984058444,
  "fragments/SignUpDetails.fragment.xml": 1729774934421,
  "fragments/SelectToApplyTheme.fragment.xml": 1728987366524,
  "fragments/SelectFields.fragment.xml": 1729495863611,
  "fragments/SapLogon.fragment.xml": 1731069785117,
  "fragments/ProfileDialog.fragment.xml": 1730267844426,
  "fragments/LanguageTransulations.fragment.xml": 1728987366524,
  "fragments/InitialSignup.fragment.xml": 1729830028881,
  "fragments/GenerictilePressPopOver.fragment.xml": 1729774934409,
  "fragments/ConnecttoSAP.fragment.xml": 1728987366524,
  "fragments/ChangePassword.fragment.xml": 1731303276132,
  "fragments/AvatarInHomepage.fragment.xml": 1729774934409,
  "fragments/ApproveDetails.fragment.xml": 1728987366524,
  "css/style.css": 1731303276128,
  "Images/Gif animation 1.gif": 1729834258892,
  "Images/Artihcuslogo.png": 1728987366516,
  "index.html": 1730809902675
}