{
  "view/CreatePutawayHusManually.view.xml": 1728987366528,
  "controller/WTQueryByWT.controller.js": 1728987366524,
  "model/models.js": 1728987366524,
  "model/data1.json": 1728987366524,
  "model/data.json": 1728987366524,
  "uitls/Constant.js": 1728987366524,
  "controller/WTQueryByWO.controller.js": 1728987366524,
  "controller/WTQueryByQueue.controller.js": 1728987366524,
  "controller/WTQueryByHU.controller.js": 1728987366520,
  "controller/WHProcessingByBOL.controller.js": 1728987366520,
  "controller/UnloadingByTU.controller.js": 1728987366520,
  "controller/UnloadingByShipment.controller.js": 1728987366520,
  "controller/UnloadingByDoor.controller.js": 1728987366520,
  "controller/UnloadingByConsignmentOrder.controller.js": 1728987366520,
  "controller/UnloadingByBillofLading.controller.js": 1728987366520,
  "controller/UnloadingASNDetails.controller.js": 1728987366520,
  "controller/UnloadByHu.controller.js": 1728987366520,
  "controller/UnloadByDelivery.controller.js": 1728987366520,
  "controller/Supervisor.controller.js": 1728987520615,
  "controller/StockBinQueryByProduct.controller.js": 1728987366520,
  "controller/StockBinQueryByBin.controller.js": 1728987366520,
  "controller/SetReadyforWHProcessingByCO.controller.js": 1728987366520,
  "controller/SerialNumberLocation.controller.js": 1728987366520,
  "controller/ReversalofConsumptionbyMObyHU.controller.js": 1728987366520,
  "controller/ReversalofConsumptionbyMO_Bin.controller.js": 1728987366520,
  "controller/ResourcePage.controller.js": 1728987520615,
  "controller/RecevingOfHUbyTUorDoor.controller.js": 1728987366520,
  "controller/RecevingOfHUbyManufacturingOrder.controller.js": 1728987366520,
  "controller/RecevingOfHUbyDelivery.controller.js": 1728987366520,
  "controller/Receivingofhubyco.controller.js": 1728987366520,
  "controller/ReceivingofHUbyTU.controller.js": 1728987366520,
  "controller/ReceivingofHUbyShipment.controller.js": 1728987366520,
  "controller/ReceivingofHUbyASN.controller.js": 1728987366520,
  "controller/ReceivingOfHuByDoor.controller.js": 1728987366520,
  "controller/PutawayByWO.controller.js": 1728987366520,
  "controller/PutawayByHuc.controller.js": 1728987366520,
  "controller/PutawayByHU.controller.js": 1728987366520,
  "controller/ProductInspectionByStorageBin.controller.js": 1728987366520,
  "controller/ProductInspectionByHU.controller.js": 1728987366520,
  "controller/PickPoint.controller.js": 1728987366520,
  "controller/ManuallyRepackingByHUItem.controller.js": 1728987366520,
  "controller/ManuallyRepackHU.controller.js": 1728987366520,
  "controller/ManuallyRepackAllHUItems.controller.js": 1728987366520,
  "controller/MaintainHU.controller.js": 1728987366520,
  "controller/LoadbyHUManPosAssiognment.controller.js": 1728987366520,
  "controller/LoadbyHUAutoPosAssiognment.controller.js": 1728987366520,
  "controller/InitialScreen.controller.js": 1728989978910,
  "controller/HuQuery.controller.js": 1728987366520,
  "controller/HuMaintanaceInDeconsolidation.controller.js": 1728987520611,
  "controller/Home.controller.js": 1728987520611,
  "controller/HUStockOverviewQuery.controller.js": 1728987366520,
  "controller/DeconsolidationManually.controller.js": 1728987366520,
  "controller/DeconsolidationAutomatically.controller.js": 1728987366520,
  "controller/DeconsAuto.controller.js": 1728987366520,
  "controller/CreationOfSingleHU.controller.js": 1728987366520,
  "controller/CreateShippingHUWOWC.controller.js": 1728987366520,
  "controller/CreateShippingHU.controller.js": 1728987366520,
  "controller/CreatePutawayHusforDeconsolidate.controller.js": 1728987366520,
  "controller/CreatePutawayHusManually.controller.js": 1728987366520,
  "controller/CreateConfirmAdhocProduct.controller.js": 1728987366520,
  "controller/CreateConfirmAdhocHu.controller.js": 1728987366520,
  "controller/ConsumptionByManufacturingOrder.controller.js": 1728987366520,
  "controller/ChangeResourceGroup.controller.js": 1728987366520,
  "controller/ChangeQueue.controller.js": 1728987366520,
  "controller/ChangeLoadingUnloadingDetails.controller.js": 1728987366520,
  "controller/BillofLading.controller.js": 1728987366516,
  "controller/BaseController.js": 1728987366516,
  "controller/AvailableHandlingUnitsOnBinQuery.controller.js": 1728987366516,
  "controller/AutomaticallyRepackHu.controller.js": 1728987366516,
  "controller/AutomaticallyRepackHUItem.controller.js": 1728987366516,
  "controller/App.controller.js": 1728987366516,
  "controller/AdhocProductWt.controller.js": 1728987366516,
  "controller/AdhocInventoryCreation.controller.js": 1728987366516,
  "controller/AdhocHuWt.controller.js": 1728987366516,
  "manifest.json": 1728990680709,
  "Component.js": 1728987366516,
  "controller/UnloadingByDoor-dbg.controller.js": 1728987366520,
  "controller/UnloadingByDoor.controller.js.map": 1728990680902,
  "model/models-dbg.js": 1728987366524,
  "model/models.js.map": 1728990680853,
  "uitls/Constant-dbg.js": 1728987366524,
  "uitls/Constant.js.map": 1728990680844,
  "controller/WTQueryByWO-dbg.controller.js": 1728987366524,
  "controller/WTQueryByWO.controller.js.map": 1728990680855,
  "controller/WTQueryByQueue-dbg.controller.js": 1728987366524,
  "controller/WTQueryByQueue.controller.js.map": 1728990680859,
  "controller/WTQueryByHU-dbg.controller.js": 1728987366520,
  "controller/WTQueryByHU.controller.js.map": 1728990680903,
  "controller/WHProcessingByBOL-dbg.controller.js": 1728987366520,
  "controller/WHProcessingByBOL.controller.js.map": 1728990680902,
  "controller/UnloadingByTU-dbg.controller.js": 1728987366520,
  "controller/UnloadingByTU.controller.js.map": 1728990680912,
  "controller/UnloadingByShipment-dbg.controller.js": 1728987366520,
  "controller/UnloadingByShipment.controller.js.map": 1728990680915,
  "controller/WTQueryByWT-dbg.controller.js": 1728987366524,
  "controller/WTQueryByWT.controller.js.map": 1728990680908,
  "controller/UnloadingByConsignmentOrder-dbg.controller.js": 1728987366520,
  "controller/UnloadingByConsignmentOrder.controller.js.map": 1728990680917,
  "controller/UnloadingByBillofLading-dbg.controller.js": 1728987366520,
  "controller/UnloadingByBillofLading.controller.js.map": 1728990680916,
  "controller/UnloadingASNDetails-dbg.controller.js": 1728987366520,
  "controller/UnloadingASNDetails.controller.js.map": 1728990680919,
  "controller/UnloadByHu-dbg.controller.js": 1728987366520,
  "controller/UnloadByHu.controller.js.map": 1728990680921,
  "controller/UnloadByDelivery-dbg.controller.js": 1728987366520,
  "controller/UnloadByDelivery.controller.js.map": 1728990680923,
  "controller/Supervisor-dbg.controller.js": 1728987520615,
  "controller/Supervisor.controller.js.map": 1728990681206,
  "controller/StockBinQueryByProduct-dbg.controller.js": 1728987366520,
  "controller/StockBinQueryByProduct.controller.js.map": 1728990680925,
  "controller/StockBinQueryByBin-dbg.controller.js": 1728987366520,
  "controller/StockBinQueryByBin.controller.js.map": 1728990680927,
  "controller/SetReadyforWHProcessingByCO-dbg.controller.js": 1728987366520,
  "controller/SetReadyforWHProcessingByCO.controller.js.map": 1728990680926,
  "controller/SerialNumberLocation-dbg.controller.js": 1728987366520,
  "controller/SerialNumberLocation.controller.js.map": 1728990680931,
  "controller/ReversalofConsumptionbyMObyHU-dbg.controller.js": 1728987366520,
  "controller/ReversalofConsumptionbyMObyHU.controller.js.map": 1728990680934,
  "controller/ReversalofConsumptionbyMO_Bin-dbg.controller.js": 1728987366520,
  "controller/ReversalofConsumptionbyMO_Bin.controller.js.map": 1728990680933,
  "controller/ResourcePage-dbg.controller.js": 1728987520615,
  "controller/ResourcePage.controller.js.map": 1728990681224,
  "controller/RecevingOfHUbyTUorDoor-dbg.controller.js": 1728987366520,
  "controller/RecevingOfHUbyTUorDoor.controller.js.map": 1728990680941,
  "controller/RecevingOfHUbyManufacturingOrder-dbg.controller.js": 1728987366520,
  "controller/RecevingOfHUbyManufacturingOrder.controller.js.map": 1728990680943,
  "controller/RecevingOfHUbyDelivery-dbg.controller.js": 1728987366520,
  "controller/RecevingOfHUbyDelivery.controller.js.map": 1728990681000,
  "controller/Receivingofhubyco-dbg.controller.js": 1728987366520,
  "controller/Receivingofhubyco.controller.js.map": 1728990681005,
  "controller/ReceivingofHUbyTU-dbg.controller.js": 1728987366520,
  "controller/ReceivingofHUbyTU.controller.js.map": 1728990681023,
  "controller/ReceivingofHUbyShipment-dbg.controller.js": 1728987366520,
  "controller/ReceivingofHUbyShipment.controller.js.map": 1728990681012,
  "controller/ReceivingofHUbyASN-dbg.controller.js": 1728987366520,
  "controller/ReceivingofHUbyASN.controller.js.map": 1728990681017,
  "controller/ReceivingOfHuByDoor-dbg.controller.js": 1728987366520,
  "controller/ReceivingOfHuByDoor.controller.js.map": 1728990681034,
  "controller/PutawayByWO-dbg.controller.js": 1728987366520,
  "controller/PutawayByWO.controller.js.map": 1728990681030,
  "controller/PutawayByHuc-dbg.controller.js": 1728987366520,
  "controller/PutawayByHuc.controller.js.map": 1728990681034,
  "controller/PutawayByHU-dbg.controller.js": 1728987366520,
  "controller/PutawayByHU.controller.js.map": 1728990681099,
  "controller/ProductInspectionByStorageBin-dbg.controller.js": 1728987366520,
  "controller/ProductInspectionByStorageBin.controller.js.map": 1728990681038,
  "controller/ProductInspectionByHU-dbg.controller.js": 1728987366520,
  "controller/ProductInspectionByHU.controller.js.map": 1728990681102,
  "controller/PickPoint-dbg.controller.js": 1728987366520,
  "controller/PickPoint.controller.js.map": 1728990681114,
  "controller/ManuallyRepackingByHUItem-dbg.controller.js": 1728987366520,
  "controller/ManuallyRepackingByHUItem.controller.js.map": 1728990681116,
  "controller/ManuallyRepackHU-dbg.controller.js": 1728987366520,
  "controller/ManuallyRepackHU.controller.js.map": 1728990681121,
  "controller/ManuallyRepackAllHUItems-dbg.controller.js": 1728987366520,
  "controller/ManuallyRepackAllHUItems.controller.js.map": 1728990681122,
  "controller/MaintainHU-dbg.controller.js": 1728987366520,
  "controller/MaintainHU.controller.js.map": 1728990681124,
  "controller/LoadbyHUManPosAssiognment-dbg.controller.js": 1728987366520,
  "controller/LoadbyHUManPosAssiognment.controller.js.map": 1728990681124,
  "controller/LoadbyHUAutoPosAssiognment-dbg.controller.js": 1728987366520,
  "controller/LoadbyHUAutoPosAssiognment.controller.js.map": 1728990681126,
  "controller/InitialScreen-dbg.controller.js": 1728989978910,
  "controller/InitialScreen.controller.js.map": 1728990681226,
  "controller/HuQuery-dbg.controller.js": 1728987366520,
  "controller/HuQuery.controller.js.map": 1728990681137,
  "controller/HuMaintanaceInDeconsolidation-dbg.controller.js": 1728987520611,
  "controller/HuMaintanaceInDeconsolidation.controller.js.map": 1728990681201,
  "controller/Home-dbg.controller.js": 1728987520611,
  "controller/Home.controller.js.map": 1728990681234,
  "controller/HUStockOverviewQuery-dbg.controller.js": 1728987366520,
  "controller/HUStockOverviewQuery.controller.js.map": 1728990681213,
  "controller/DeconsolidationManually-dbg.controller.js": 1728987366520,
  "controller/DeconsolidationManually.controller.js.map": 1728990681225,
  "controller/DeconsolidationAutomatically-dbg.controller.js": 1728987366520,
  "controller/DeconsolidationAutomatically.controller.js.map": 1728990681228,
  "controller/DeconsAuto-dbg.controller.js": 1728987366520,
  "controller/DeconsAuto.controller.js.map": 1728990681230,
  "controller/CreationOfSingleHU-dbg.controller.js": 1728987366520,
  "controller/CreationOfSingleHU.controller.js.map": 1728990681229,
  "controller/CreateShippingHUWOWC-dbg.controller.js": 1728987366520,
  "controller/CreateShippingHUWOWC.controller.js.map": 1728990681231,
  "controller/CreateShippingHU-dbg.controller.js": 1728987366520,
  "controller/CreateShippingHU.controller.js.map": 1728990681231,
  "controller/CreatePutawayHusforDeconsolidate-dbg.controller.js": 1728987366520,
  "controller/CreatePutawayHusforDeconsolidate.controller.js.map": 1728990681233,
  "controller/CreatePutawayHusManually-dbg.controller.js": 1728987366520,
  "controller/CreatePutawayHusManually.controller.js.map": 1728990681300,
  "controller/CreateConfirmAdhocProduct-dbg.controller.js": 1728987366520,
  "controller/CreateConfirmAdhocProduct.controller.js.map": 1728990681300,
  "controller/CreateConfirmAdhocHu-dbg.controller.js": 1728987366520,
  "controller/CreateConfirmAdhocHu.controller.js.map": 1728990681300,
  "controller/ConsumptionByManufacturingOrder-dbg.controller.js": 1728987366520,
  "controller/ConsumptionByManufacturingOrder.controller.js.map": 1728990681304,
  "controller/ChangeResourceGroup-dbg.controller.js": 1728987366520,
  "controller/ChangeResourceGroup.controller.js.map": 1728990681302,
  "controller/ChangeQueue-dbg.controller.js": 1728987366520,
  "controller/ChangeQueue.controller.js.map": 1728990681306,
  "controller/ChangeLoadingUnloadingDetails-dbg.controller.js": 1728987366520,
  "controller/ChangeLoadingUnloadingDetails.controller.js.map": 1728990681301,
  "controller/BillofLading-dbg.controller.js": 1728987366516,
  "controller/BillofLading.controller.js.map": 1728990681305,
  "controller/BaseController-dbg.js": 1728987366516,
  "controller/BaseController.js.map": 1728990681304,
  "controller/AvailableHandlingUnitsOnBinQuery-dbg.controller.js": 1728987366516,
  "controller/AvailableHandlingUnitsOnBinQuery.controller.js.map": 1728990681307,
  "controller/AutomaticallyRepackHu-dbg.controller.js": 1728987366516,
  "controller/AutomaticallyRepackHu.controller.js.map": 1728990681308,
  "controller/AutomaticallyRepackHUItem-dbg.controller.js": 1728987366516,
  "controller/AutomaticallyRepackHUItem.controller.js.map": 1728990681313,
  "controller/App-dbg.controller.js": 1728987366516,
  "controller/App.controller.js.map": 1728990681308,
  "controller/AdhocProductWt-dbg.controller.js": 1728987366516,
  "controller/AdhocProductWt.controller.js.map": 1728990681309,
  "controller/AdhocInventoryCreation-dbg.controller.js": 1728987366516,
  "controller/AdhocInventoryCreation.controller.js.map": 1728990681313,
  "controller/AdhocHuWt-dbg.controller.js": 1728987366516,
  "controller/AdhocHuWt.controller.js.map": 1728990681312,
  "Component-dbg.js": 1728987366516,
  "Component.js.map": 1728990681310,
  "Component-preload.js": 1728990681775,
  "Component-preload.js.map": 1728990681779,
  "view/WTQueryByWT.view.xml": 1728987366532,
  "view/WTQueryByWO.view.xml": 1728987366532,
  "view/WTQueryByQueue.view.xml": 1728987366532,
  "view/WTQueryByHU.view.xml": 1728987366532,
  "view/WHProcessingByBOL.view.xml": 1728987366532,
  "view/UnloadingByTU.view.xml": 1728987366532,
  "view/UnloadingByShipment.view.xml": 1728987366532,
  "view/UnloadingByDoor.view.xml": 1728987366532,
  "view/UnloadingByConsignmentOrder.view.xml": 1728987366532,
  "view/UnloadingByBillofLading.view.xml": 1728987366532,
  "view/UnloadingASNDetails.view.xml": 1728987366532,
  "view/UnloadByHu.view.xml": 1728987366532,
  "view/UnloadByDelivery.view.xml": 1728987366532,
  "view/Supervisor.view.xml": 1728987520619,
  "view/StockBinQueryByProduct.view.xml": 1728987366532,
  "view/StockBinQueryByBin.view.xml": 1728987366532,
  "view/SetReadyforWHProcessingByCO.view.xml": 1728987366532,
  "view/SerialNumberLocation.view.xml": 1728987366532,
  "view/ReversalofConsumptionbyMObyHU.view.xml": 1728987366532,
  "view/ReversalofConsumptionbyMO_Bin.view.xml": 1728987366532,
  "view/ResourcePage.view.xml": 1728987520615,
  "view/RecevingOfHUbyTUorDoor.view.xml": 1728987366532,
  "view/RecevingOfHUbyManufacturingOrder.view.xml": 1728987366532,
  "view/RecevingOfHUbyDelivery.view.xml": 1728987366532,
  "view/Receivingofhubyco.view.xml": 1728987366532,
  "view/ReceivingofHUbyTU.view.xml": 1728987366532,
  "view/ReceivingofHUbyShipment.view.xml": 1728987366532,
  "view/ReceivingofHUbyASN.view.xml": 1728987366528,
  "view/ReceivingOfHuByDoor.view.xml": 1728987366528,
  "view/PutawayByWO.view.xml": 1728987366528,
  "view/PutawayByHuc.view.xml": 1728987366528,
  "view/PutawayByHU.view.xml": 1728987366528,
  "view/ProductInspectionByStorageBin.view.xml": 1728987366528,
  "view/ProductInspectionByHU.view.xml": 1728987366528,
  "view/PickPoint.view.xml": 1728987366528,
  "view/ManuallyRepackingByHUItem.view.xml": 1728987366528,
  "view/ManuallyRepackHU.view.xml": 1728987366528,
  "view/ManuallyRepackAllHUItems.view.xml": 1728987366528,
  "view/MaintainHU.view.xml": 1728987366528,
  "view/LoadbyHUManPosAssiognment.view.xml": 1728987366528,
  "view/LoadbyHUAutoPosAssiognment.view.xml": 1728987366528,
  "view/InitialScreen.view.xml": 1728987520615,
  "view/HuQuery.view.xml": 1728987366528,
  "view/HuMaintanaceInDeconsolidation.view.xml": 1728987520615,
  "view/Home.view.xml": 1728987520615,
  "view/HUStockOverviewQuery.view.xml": 1728987366528,
  "view/DeconsolidationManually.view.xml": 1728987366528,
  "view/DeconsolidationAutomatically.view.xml": 1728987366528,
  "view/DeconsAuto.view.xml": 1728987366528,
  "view/CreationOfSingleHU.view.xml": 1728987366528,
  "view/CreateShippingHUWOWC.view.xml": 1728987366528,
  "view/CreateShippingHU.view.xml": 1728987366528,
  "view/CreatePutawayHusforDeconsolidate.view.xml": 1728987366528,
  "i18n/i18n.properties": 1728987366524,
  "view/CreateConfirmAdhocProduct.view.xml": 1728987366528,
  "view/CreateConfirmAdhocHu.view.xml": 1728987366528,
  "view/ConsumptionByManufacturingOrder.view.xml": 1728987366528,
  "view/ChangeResourceGroup.view.xml": 1728987366528,
  "view/ChangeQueue.view.xml": 1728987366528,
  "view/ChangeLoadingUnloadingDetails.view.xml": 1728987366528,
  "view/BillofLading.view.xml": 1728987366524,
  "view/AvailableHandlingUnitsOnBinQuery.view.xml": 1728987366524,
  "view/AutomaticallyRepackHu.view.xml": 1728987366524,
  "view/AutomaticallyRepackHUItem.view.xml": 1728987366524,
  "view/App.view.xml": 1728987366524,
  "view/AdhocProductWt.view.xml": 1728987366524,
  "view/AdhocInventoryCreation.view.xml": 1728987366524,
  "view/AdhocHuWt.view.xml": 1728987366524,
  "fragments/UserTileView.fragment.xml": 1728987366524,
  "fragments/UserDetails.fragment.xml": 1728987520615,
  "fragments/SignUpDetails.fragment.xml": 1728987366524,
  "fragments/SelectToApplyTheme.fragment.xml": 1728987366524,
  "fragments/SelectFields.fragment.xml": 1728987520615,
  "fragments/SapLogon.fragment.xml": 1728987366524,
  "fragments/Resetpassword.fragment.xml": 1728987366524,
  "fragments/ProfileDialog.fragment.xml": 1728987520615,
  "fragments/LanguageTransulations.fragment.xml": 1728987366524,
  "fragments/ConnecttoSAP.fragment.xml": 1728987366524,
  "fragments/ChangePassword.fragment.xml": 1728987366524,
  "fragments/AvatarInHomepage.fragment.xml": 1728987520615,
  "fragments/ApproveDetails.fragment.xml": 1728987366524,
  "css/style.css": 1728987520615,
  "docs/helpdoc.pdf": 1728987366524,
  "Images/Artihcuslogo.png": 1728987366516,
  "index.html": 1728987520615
}