{
  "controller/HuMaintanaceInDeconsolidation.controller.js": 1727090598431,
  "controller/Home.controller.js": 1727090598431,
  "uitls/Constant.js": 1727150608957,
  "model/models.js": 1725627928257,
  "model/data1.json": 1725627928257,
  "model/data.json": 1725902226687,
  "controller/WTQueryByWT.controller.js": 1726551733985,
  "controller/WTQueryByWO.controller.js": 1726551733981,
  "controller/WTQueryByQueue.controller.js": 1726742368779,
  "controller/WTQueryByHU.controller.js": 1726551733981,
  "controller/UnloadingByTU.controller.js": 1726551733981,
  "controller/UnloadingByShipment.controller.js": 1726551733981,
  "controller/UnloadingByDoor.controller.js": 1726551733977,
  "controller/UnloadingByConsignmentOrder.controller.js": 1726551733977,
  "controller/UnloadingByBillofLading.controller.js": 1726551733977,
  "controller/UnloadingASNDetails.controller.js": 1726757991901,
  "controller/UnloadByDelivery.controller.js": 1726551733977,
  "controller/Supervisor.controller.js": 1727151201603,
  "controller/StockBinQueryByProduct.controller.js": 1726551733969,
  "controller/StockBinQueryByBin.controller.js": 1726551733969,
  "controller/SerialNumberLocation.controller.js": 1726551733969,
  "controller/ResourcePage.controller.js": 1727090598431,
  "controller/RecevingOfHUbyTUorDoor.controller.js": 1726551733961,
  "controller/RecevingOfHUbyManufacturingOrder.controller.js": 1726551733961,
  "controller/RecevingOfHUbyDelivery.controller.js": 1726551733961,
  "controller/Receivingofhubyco.controller.js": 1727090598431,
  "controller/ReceivingofHUbyTU.controller.js": 1726551733961,
  "controller/ReceivingofHUbyShipment.controller.js": 1726551733961,
  "controller/ReceivingofHUbyASN.controller.js": 1726551733957,
  "controller/ReceivingOfHuByDoor.controller.js": 1726551733957,
  "controller/PutawayByWO.controller.js": 1726551733957,
  "controller/PutawayByHuc.controller.js": 1727090598431,
  "controller/PutawayByHU.controller.js": 1727090598431,
  "controller/ProductInspectionByStorageBin.controller.js": 1726757991897,
  "controller/ProductInspectionByHU.controller.js": 1726757991897,
  "controller/PickPoint.controller.js": 1727090598431,
  "controller/ManuallyRepackingByHUItem.controller.js": 1727151201603,
  "controller/ManuallyRepackHU.controller.js": 1726826061752,
  "controller/ManuallyRepackAllHUItems.controller.js": 1726826061752,
  "controller/MaintainHU.controller.js": 1726551733953,
  "controller/InitialScreen.controller.js": 1727150608957,
  "controller/HuQuery.controller.js": 1727090598431,
  "i18n/i18n.properties": 1726742368783,
  "utils/Constant.js": 1726757991905,
  "controller/HUStockOverviewQuery.controller.js": 1727090598431,
  "controller/DeconsolidationManually.controller.js": 1726757991893,
  "controller/DeconsolidationAutomatically.controller.js": 1726757991893,
  "controller/DeconsAuto.controller.js": 1727090598431,
  "controller/CreationOfSingleHU.controller.js": 1726757991893,
  "controller/CreateShippingHUWOWC.controller.js": 1726551733953,
  "controller/CreateShippingHU.controller.js": 1726551733953,
  "controller/CreatePutawayHusforDeconsolidate.controller.js": 1726757991893,
  "controller/CreatePutawayHusManually.controller.js": 1726757991893,
  "controller/CreateConfirmAdhocProduct.controller.js": 1726551733953,
  "controller/CreateConfirmAdhocHu.controller.js": 1726551733949,
  "controller/ChangeResourceGroup.controller.js": 1726551733945,
  "controller/ChangeQueue.controller.js": 1726551733945,
  "controller/BillofLading.controller.js": 1726551733945,
  "controller/BaseController.js": 1725627928257,
  "controller/AvailableHandlingUnitsOnBinQuery.controller.js": 1726551733945,
  "controller/AutomaticallyRepackHUItem.controller.js": 1726826061752,
  "controller/App.controller.js": 1725627928257,
  "controller/AdhocProductWt.controller.js": 1726825894819,
  "controller/AdhocInventoryCreation.controller.js": 1726757991893,
  "controller/AdhocHuWt.controller.js": 1726551733945,
  "manifest.json": 1727152866251,
  "Component.js": 1725627928257,
  "utils/Constant-dbg.js": 1726757991905,
  "utils/Constant.js.map": 1727152866388,
  "uitls/Constant-dbg.js": 1727150608957,
  "uitls/Constant.js.map": 1727152866388,
  "model/models-dbg.js": 1725627928257,
  "model/models.js.map": 1727152866389,
  "controller/WTQueryByWT-dbg.controller.js": 1726551733985,
  "controller/WTQueryByWT.controller.js.map": 1727152866396,
  "controller/WTQueryByWO-dbg.controller.js": 1726551733981,
  "controller/WTQueryByWO.controller.js.map": 1727152866404,
  "controller/WTQueryByQueue-dbg.controller.js": 1726742368779,
  "controller/WTQueryByQueue.controller.js.map": 1727152866403,
  "controller/WTQueryByHU-dbg.controller.js": 1726551733981,
  "controller/WTQueryByHU.controller.js.map": 1727152866398,
  "controller/UnloadingByTU-dbg.controller.js": 1726551733981,
  "controller/UnloadingByTU.controller.js.map": 1727152866411,
  "controller/UnloadingByShipment-dbg.controller.js": 1726551733981,
  "controller/UnloadingByShipment.controller.js.map": 1727152866411,
  "controller/UnloadingByDoor-dbg.controller.js": 1726551733977,
  "controller/UnloadingByDoor.controller.js.map": 1727152866416,
  "controller/UnloadingByConsignmentOrder-dbg.controller.js": 1726551733977,
  "controller/UnloadingByConsignmentOrder.controller.js.map": 1727152866418,
  "controller/UnloadingByBillofLading-dbg.controller.js": 1726551733977,
  "controller/UnloadingByBillofLading.controller.js.map": 1727152866464,
  "controller/UnloadingASNDetails-dbg.controller.js": 1726757991901,
  "controller/UnloadingASNDetails.controller.js.map": 1727152866421,
  "controller/UnloadByDelivery-dbg.controller.js": 1726551733977,
  "controller/UnloadByDelivery.controller.js.map": 1727152866464,
  "controller/Supervisor-dbg.controller.js": 1727151201603,
  "controller/Supervisor.controller.js.map": 1727152866689,
  "controller/StockBinQueryByProduct-dbg.controller.js": 1726551733969,
  "controller/StockBinQueryByProduct.controller.js.map": 1727152866468,
  "controller/StockBinQueryByBin-dbg.controller.js": 1726551733969,
  "controller/StockBinQueryByBin.controller.js.map": 1727152866471,
  "controller/SerialNumberLocation-dbg.controller.js": 1726551733969,
  "controller/SerialNumberLocation.controller.js.map": 1727152866472,
  "controller/ResourcePage-dbg.controller.js": 1727090598431,
  "controller/ResourcePage.controller.js.map": 1727152866488,
  "controller/RecevingOfHUbyTUorDoor-dbg.controller.js": 1726551733961,
  "controller/RecevingOfHUbyTUorDoor.controller.js.map": 1727152866478,
  "controller/RecevingOfHUbyManufacturingOrder-dbg.controller.js": 1726551733961,
  "controller/RecevingOfHUbyManufacturingOrder.controller.js.map": 1727152866478,
  "controller/RecevingOfHUbyDelivery-dbg.controller.js": 1726551733961,
  "controller/RecevingOfHUbyDelivery.controller.js.map": 1727152866484,
  "controller/Receivingofhubyco-dbg.controller.js": 1727090598431,
  "controller/Receivingofhubyco.controller.js.map": 1727152866484,
  "controller/ReceivingofHUbyTU-dbg.controller.js": 1726551733961,
  "controller/ReceivingofHUbyTU.controller.js.map": 1727152866490,
  "controller/ReceivingofHUbyShipment-dbg.controller.js": 1726551733961,
  "controller/ReceivingofHUbyShipment.controller.js.map": 1727152866492,
  "controller/ReceivingofHUbyASN-dbg.controller.js": 1726551733957,
  "controller/ReceivingofHUbyASN.controller.js.map": 1727152866497,
  "controller/ReceivingOfHuByDoor-dbg.controller.js": 1726551733957,
  "controller/ReceivingOfHuByDoor.controller.js.map": 1727152866564,
  "controller/PutawayByWO-dbg.controller.js": 1726551733957,
  "controller/PutawayByWO.controller.js.map": 1727152866499,
  "controller/PutawayByHuc-dbg.controller.js": 1727090598431,
  "controller/PutawayByHuc.controller.js.map": 1727152866500,
  "controller/PutawayByHU-dbg.controller.js": 1727090598431,
  "controller/PutawayByHU.controller.js.map": 1727152866573,
  "controller/ProductInspectionByStorageBin-dbg.controller.js": 1726757991897,
  "controller/ProductInspectionByStorageBin.controller.js.map": 1727152866564,
  "controller/ProductInspectionByHU-dbg.controller.js": 1726757991897,
  "controller/ProductInspectionByHU.controller.js.map": 1727152866569,
  "controller/PickPoint-dbg.controller.js": 1727090598431,
  "controller/PickPoint.controller.js.map": 1727152866576,
  "controller/ManuallyRepackingByHUItem-dbg.controller.js": 1727151201603,
  "controller/ManuallyRepackingByHUItem.controller.js.map": 1727152866587,
  "controller/ManuallyRepackHU-dbg.controller.js": 1726826061752,
  "controller/ManuallyRepackHU.controller.js.map": 1727152866582,
  "controller/ManuallyRepackAllHUItems-dbg.controller.js": 1726826061752,
  "controller/ManuallyRepackAllHUItems.controller.js.map": 1727152866582,
  "controller/MaintainHU-dbg.controller.js": 1726551733953,
  "controller/MaintainHU.controller.js.map": 1727152866585,
  "controller/InitialScreen-dbg.controller.js": 1727150608957,
  "controller/InitialScreen.controller.js.map": 1727152866664,
  "controller/HuQuery-dbg.controller.js": 1727090598431,
  "controller/HuQuery.controller.js.map": 1727152866599,
  "controller/HuMaintanaceInDeconsolidation-dbg.controller.js": 1727090598431,
  "controller/HuMaintanaceInDeconsolidation.controller.js.map": 1727152866594,
  "controller/Home-dbg.controller.js": 1727090598431,
  "controller/Home.controller.js.map": 1727152866691,
  "controller/HUStockOverviewQuery-dbg.controller.js": 1727090598431,
  "controller/HUStockOverviewQuery.controller.js.map": 1727152866664,
  "controller/DeconsolidationManually-dbg.controller.js": 1726757991893,
  "controller/DeconsolidationManually.controller.js.map": 1727152866686,
  "controller/DeconsolidationAutomatically-dbg.controller.js": 1726757991893,
  "controller/DeconsolidationAutomatically.controller.js.map": 1727152866668,
  "controller/DeconsAuto-dbg.controller.js": 1727090598431,
  "controller/DeconsAuto.controller.js.map": 1727152866669,
  "controller/CreationOfSingleHU-dbg.controller.js": 1726757991893,
  "controller/CreationOfSingleHU.controller.js.map": 1727152866674,
  "controller/CreateShippingHUWOWC-dbg.controller.js": 1726551733953,
  "controller/CreateShippingHUWOWC.controller.js.map": 1727152866683,
  "controller/CreateShippingHU-dbg.controller.js": 1726551733953,
  "controller/CreateShippingHU.controller.js.map": 1727152866686,
  "controller/CreatePutawayHusforDeconsolidate-dbg.controller.js": 1726757991893,
  "controller/CreatePutawayHusforDeconsolidate.controller.js.map": 1727152866691,
  "controller/CreatePutawayHusManually-dbg.controller.js": 1726757991893,
  "controller/CreatePutawayHusManually.controller.js.map": 1727152866694,
  "controller/CreateConfirmAdhocProduct-dbg.controller.js": 1726551733953,
  "controller/CreateConfirmAdhocProduct.controller.js.map": 1727152866698,
  "controller/CreateConfirmAdhocHu-dbg.controller.js": 1726551733949,
  "controller/CreateConfirmAdhocHu.controller.js.map": 1727152866696,
  "controller/ChangeResourceGroup-dbg.controller.js": 1726551733945,
  "controller/ChangeResourceGroup.controller.js.map": 1727152866693,
  "controller/ChangeQueue-dbg.controller.js": 1726551733945,
  "controller/ChangeQueue.controller.js.map": 1727152866697,
  "controller/BillofLading-dbg.controller.js": 1726551733945,
  "controller/BillofLading.controller.js.map": 1727152866702,
  "controller/BaseController-dbg.js": 1725627928257,
  "controller/BaseController.js.map": 1727152866698,
  "controller/AvailableHandlingUnitsOnBinQuery-dbg.controller.js": 1726551733945,
  "controller/AvailableHandlingUnitsOnBinQuery.controller.js.map": 1727152866700,
  "controller/AutomaticallyRepackHUItem-dbg.controller.js": 1726826061752,
  "controller/AutomaticallyRepackHUItem.controller.js.map": 1727152866704,
  "controller/App-dbg.controller.js": 1725627928257,
  "controller/App.controller.js.map": 1727152866699,
  "controller/AdhocProductWt-dbg.controller.js": 1726825894819,
  "controller/AdhocProductWt.controller.js.map": 1727152866704,
  "controller/AdhocInventoryCreation-dbg.controller.js": 1726757991893,
  "controller/AdhocInventoryCreation.controller.js.map": 1727152866705,
  "controller/AdhocHuWt-dbg.controller.js": 1726551733945,
  "controller/AdhocHuWt.controller.js.map": 1727152866707,
  "Component-dbg.js": 1725627928257,
  "Component.js.map": 1727152866705,
  "Component-preload.js": 1727152867195,
  "Component-preload.js.map": 1727152867197,
  "view/WTQueryByWT.view.xml": 1726148654986,
  "view/WTQueryByWO.view.xml": 1726148654986,
  "view/WTQueryByQueue.view.xml": 1726551733985,
  "view/WTQueryByHU.view.xml": 1726826061756,
  "view/UnloadingByTU.view.xml": 1726494709373,
  "view/UnloadingByShipment.view.xml": 1726494709373,
  "view/UnloadingByDoor.view.xml": 1726494709369,
  "view/UnloadingByConsignmentOrder.view.xml": 1726494709369,
  "view/UnloadingByBillofLading.view.xml": 1726494709365,
  "view/UnloadingASNDetails.view.xml": 1727090598435,
  "view/UnloadByDelivery.view.xml": 1725954458745,
  "view/Supervisor.view.xml": 1727151201603,
  "view/StockBinQueryByProduct.view.xml": 1726148654986,
  "view/StockBinQueryByBin.view.xml": 1726131205739,
  "view/SerialNumberLocation.view.xml": 1727090598435,
  "view/ResourcePage.view.xml": 1727090598435,
  "view/RecevingOfHUbyTUorDoor.view.xml": 1726465223024,
  "view/RecevingOfHUbyManufacturingOrder.view.xml": 1726465223024,
  "view/RecevingOfHUbyDelivery.view.xml": 1726465223020,
  "view/Receivingofhubyco.view.xml": 1726465223016,
  "view/ReceivingofHUbyTU.view.xml": 1726131205731,
  "view/ReceivingofHUbyShipment.view.xml": 1726131205731,
  "view/ReceivingofHUbyASN.view.xml": 1726131205727,
  "view/ReceivingOfHuByDoor.view.xml": 1726131205727,
  "view/PutawayByWO.view.xml": 1726131205723,
  "view/PutawayByHuc.view.xml": 1727090598435,
  "view/PutawayByHU.view.xml": 1726736423457,
  "view/ProductInspectionByStorageBin.view.xml": 1726757991905,
  "view/ProductInspectionByHU.view.xml": 1726757991905,
  "view/PickPoint.view.xml": 1727090598435,
  "view/ManuallyRepackingByHUItem.view.xml": 1727151201603,
  "view/ManuallyRepackHU.view.xml": 1726826061756,
  "view/ManuallyRepackAllHUItems.view.xml": 1726826061756,
  "view/MaintainHU.view.xml": 1726494709365,
  "view/InitialScreen.view.xml": 1727151851354,
  "view/HuQuery.view.xml": 1727090598435,
  "view/HuMaintanaceInDeconsolidation.view.xml": 1727090598435,
  "view/Home.view.xml": 1727090598435,
  "view/HUStockOverviewQuery.view.xml": 1727090598435,
  "view/DeconsolidationManually.view.xml": 1726757991905,
  "view/DeconsolidationAutomatically.view.xml": 1726757991905,
  "view/DeconsAuto.view.xml": 1727090598435,
  "view/CreationOfSingleHU.view.xml": 1726757991905,
  "view/CreateShippingHUWOWC.view.xml": 1726551733985,
  "view/CreateShippingHU.view.xml": 1726551733985,
  "view/CreatePutawayHusforDeconsolidate.view.xml": 1726757991905,
  "view/CreatePutawayHusManually.view.xml": 1726757991905,
  "view/CreateConfirmAdhocProduct.view.xml": 1726148654982,
  "view/CreateConfirmAdhocHu.view.xml": 1726148654982,
  "view/ChangeResourceGroup.view.xml": 1726551733985,
  "view/ChangeQueue.view.xml": 1726551733985,
  "view/BillofLading.view.xml": 1726494709353,
  "view/AvailableHandlingUnitsOnBinQuery.view.xml": 1726131205719,
  "view/AutomaticallyRepackHUItem.view.xml": 1727090598435,
  "view/App.view.xml": 1725627928257,
  "view/AdhocProductWt.view.xml": 1726465223000,
  "view/AdhocInventoryCreation.view.xml": 1726757991905,
  "view/AdhocHuWt.view.xml": 1726465222996,
  "fragments/SignUpDetails.fragment.xml": 1725627928257,
  "fragments/SapLogon.fragment.xml": 1726465222992,
  "fragments/Resetpassword.fragment.xml": 1725627928257,
  "fragments/ProfileDialog.fragment.xml": 1726551733985,
  "fragments/Forgotpassword.fragment.xml": 1726148654982,
  "fragments/ConnecttoSAP.fragment.xml": 1727152814537,
  "fragments/ApproveDetails.fragment.xml": 1725627928257,
  "css/style.css": 1727152814537,
  "Images/Artihcuslogo.png": 1726551733937,
  "index.html": 1726551733985
}