{
  "controller/RecevingOfHUbyDelivery.controller.js": 1728987366520,
  "controller/HuQuery.controller.js": 1730984058440,
  "model/models.js": 1728987366524,
  "model/data1.json": 1728987366524,
  "model/data.json": 1728987366524,
  "controller/WTQueryByWT.controller.js": 1730876698750,
  "controller/WTQueryByWO.controller.js": 1730984058440,
  "controller/WTQueryByQueue.controller.js": 1730984058440,
  "controller/WTQueryByHU.controller.js": 1728987366520,
  "controller/WHProcessingByBOL.controller.js": 1728987366520,
  "controller/UnloadingByTU.controller.js": 1730779227380,
  "controller/UnloadingByShipment.controller.js": 1728987366520,
  "controller/UnloadingByDoor.controller.js": 1728987366520,
  "controller/UnloadingByConsignmentOrder.controller.js": 1728987366520,
  "controller/UnloadingByBillofLading.controller.js": 1728987366520,
  "controller/UnloadingASNDetails.controller.js": 1728987366520,
  "controller/UnloadByHu.controller.js": 1728987366520,
  "controller/UnloadByDelivery.controller.js": 1728987366520,
  "controller/Supervisor.controller.js": 1730267844418,
  "controller/StockBinQueryByProduct.controller.js": 1730779227380,
  "controller/StockBinQueryByBin.controller.js": 1730802554590,
  "controller/SetReadyforWHProcessingByCO.controller.js": 1728987366520,
  "controller/SerialNumberLocation.controller.js": 1730984058440,
  "controller/ReversalofConsumptionbyMObyHU.controller.js": 1728987366520,
  "controller/ReversalofConsumptionbyMO_Bin.controller.js": 1728987366520,
  "controller/ResourcePage.controller.js": 1730984058440,
  "controller/RecevingOfHUbyTUorDoor.controller.js": 1728987366520,
  "controller/RecevingOfHUbyManufacturingOrder.controller.js": 1728987366520,
  "i18n/i18n.properties": 1730779227384,
  "controller/Receivingofhubyco.controller.js": 1728987366520,
  "controller/ReceivingofHUbyTU.controller.js": 1728987366520,
  "controller/ReceivingofHUbyShipment.controller.js": 1728987366520,
  "controller/ReceivingofHUbyASN.controller.js": 1728987366520,
  "controller/ReceivingOfHuByDoor.controller.js": 1728987366520,
  "controller/PutawayByWO.controller.js": 1728987366520,
  "controller/PutawayByHuc.controller.js": 1728987366520,
  "controller/PutawayByHU.controller.js": 1728987366520,
  "controller/ProductInspectionByStorageBin.controller.js": 1728987366520,
  "controller/ProductInspectionByHU.controller.js": 1728987366520,
  "controller/PickPoint.controller.js": 1728987366520,
  "controller/ManuallyRepackingByHUItem.controller.js": 1728987366520,
  "controller/ManuallyRepackHU.controller.js": 1728987366520,
  "controller/ManuallyRepackAllHUItems.controller.js": 1728987366520,
  "controller/MaintainHU.controller.js": 1729774934389,
  "controller/LoadbyHUManPosAssiognment.controller.js": 1728987366520,
  "controller/LoadbyHUAutoPosAssiognment.controller.js": 1728987366520,
  "controller/InitialScreen.controller.js": 1730984214780,
  "uitls/Constant.js": 1728987366524,
  "controller/HuMaintanaceInDeconsolidation.controller.js": 1729495863607,
  "controller/Home.controller.js": 1730984058440,
  "controller/HUStockOverviewQuery.controller.js": 1730876698750,
  "controller/DeconsolidationManually.controller.js": 1728987366520,
  "controller/DeconsolidationAutomatically.controller.js": 1728987366520,
  "controller/DeconsAuto.controller.js": 1728987366520,
  "controller/CreationOfSingleHU.controller.js": 1728987366520,
  "controller/CreateShippingHUWOWC.controller.js": 1728987366520,
  "controller/CreateShippingHU.controller.js": 1728987366520,
  "controller/CreatePutawayHusforDeconsolidate.controller.js": 1728987366520,
  "controller/CreatePutawayHusManually.controller.js": 1728987366520,
  "controller/CreateConfirmAdhocProduct.controller.js": 1728987366520,
  "controller/CreateConfirmAdhocHu.controller.js": 1728987366520,
  "controller/ConsumptionByManufacturingOrder.controller.js": 1728987366520,
  "controller/ConfigLogin.controller.js": 1730984058440,
  "controller/ChangeResourceGroup.controller.js": 1728987366520,
  "controller/ChangeQueue.controller.js": 1728987366520,
  "controller/ChangeLoadingUnloadingDetails.controller.js": 1728987366520,
  "controller/BillofLading.controller.js": 1728987366516,
  "controller/BaseController.js": 1730984058440,
  "controller/AvailableHandlingUnitsOnBinQuery.controller.js": 1730876698750,
  "controller/AutomaticallyRepackHu.controller.js": 1728987366516,
  "controller/AutomaticallyRepackHUItem.controller.js": 1729495863607,
  "controller/App.controller.js": 1728987366516,
  "controller/AdhocProductWt.controller.js": 1728987366516,
  "controller/AdhocInventoryCreation.controller.js": 1728987366516,
  "controller/AdhocHuWt.controller.js": 1728987366516,
  "manifest.json": 1731046117954,
  "Component.js": 1730809813047,
  "controller/AutomaticallyRepackHUItem-dbg.controller.js": 1729495863607,
  "controller/AutomaticallyRepackHUItem.controller.js.map": 1731046118138,
  "model/models-dbg.js": 1728987366524,
  "model/models.js.map": 1731046118130,
  "controller/WTQueryByWT-dbg.controller.js": 1730876698750,
  "controller/WTQueryByWT.controller.js.map": 1731046118136,
  "controller/WTQueryByWO-dbg.controller.js": 1730984058440,
  "controller/WTQueryByWO.controller.js.map": 1731046118176,
  "controller/WTQueryByQueue-dbg.controller.js": 1730984058440,
  "controller/WTQueryByQueue.controller.js.map": 1731046118190,
  "controller/WTQueryByHU-dbg.controller.js": 1728987366520,
  "controller/WTQueryByHU.controller.js.map": 1731046118154,
  "controller/WHProcessingByBOL-dbg.controller.js": 1728987366520,
  "controller/WHProcessingByBOL.controller.js.map": 1731046118157,
  "controller/UnloadingByTU-dbg.controller.js": 1730779227380,
  "controller/UnloadingByTU.controller.js.map": 1731046118172,
  "controller/UnloadingByShipment-dbg.controller.js": 1728987366520,
  "controller/UnloadingByShipment.controller.js.map": 1731046118171,
  "controller/UnloadingByDoor-dbg.controller.js": 1728987366520,
  "controller/UnloadingByDoor.controller.js.map": 1731046118179,
  "controller/UnloadingByConsignmentOrder-dbg.controller.js": 1728987366520,
  "controller/UnloadingByConsignmentOrder.controller.js.map": 1731046118192,
  "controller/UnloadingByBillofLading-dbg.controller.js": 1728987366520,
  "controller/UnloadingByBillofLading.controller.js.map": 1731046118188,
  "controller/UnloadingASNDetails-dbg.controller.js": 1728987366520,
  "controller/UnloadingASNDetails.controller.js.map": 1731046118187,
  "controller/UnloadByHu-dbg.controller.js": 1728987366520,
  "controller/UnloadByHu.controller.js.map": 1731046118193,
  "controller/UnloadByDelivery-dbg.controller.js": 1728987366520,
  "controller/UnloadByDelivery.controller.js.map": 1731046118197,
  "controller/Supervisor-dbg.controller.js": 1730267844418,
  "controller/Supervisor.controller.js.map": 1731046118460,
  "controller/StockBinQueryByProduct-dbg.controller.js": 1730779227380,
  "controller/StockBinQueryByProduct.controller.js.map": 1731046118264,
  "controller/StockBinQueryByBin-dbg.controller.js": 1730802554590,
  "controller/StockBinQueryByBin.controller.js.map": 1731046118275,
  "controller/SetReadyforWHProcessingByCO-dbg.controller.js": 1728987366520,
  "controller/SetReadyforWHProcessingByCO.controller.js.map": 1731046118262,
  "controller/SerialNumberLocation-dbg.controller.js": 1730984058440,
  "controller/SerialNumberLocation.controller.js.map": 1731046118281,
  "controller/ReversalofConsumptionbyMObyHU-dbg.controller.js": 1728987366520,
  "controller/ReversalofConsumptionbyMObyHU.controller.js.map": 1731046118274,
  "controller/ReversalofConsumptionbyMO_Bin-dbg.controller.js": 1728987366520,
  "controller/ReversalofConsumptionbyMO_Bin.controller.js.map": 1731046118290,
  "controller/ResourcePage-dbg.controller.js": 1730984058440,
  "controller/ResourcePage.controller.js.map": 1731046118577,
  "controller/RecevingOfHUbyTUorDoor-dbg.controller.js": 1728987366520,
  "controller/RecevingOfHUbyTUorDoor.controller.js.map": 1731046118288,
  "controller/RecevingOfHUbyManufacturingOrder-dbg.controller.js": 1728987366520,
  "controller/RecevingOfHUbyManufacturingOrder.controller.js.map": 1731046118297,
  "controller/RecevingOfHUbyDelivery-dbg.controller.js": 1728987366520,
  "controller/RecevingOfHUbyDelivery.controller.js.map": 1731046118301,
  "controller/Receivingofhubyco-dbg.controller.js": 1728987366520,
  "controller/Receivingofhubyco.controller.js.map": 1731046118303,
  "controller/ReceivingofHUbyTU-dbg.controller.js": 1728987366520,
  "controller/ReceivingofHUbyTU.controller.js.map": 1731046118353,
  "controller/ReceivingofHUbyShipment-dbg.controller.js": 1728987366520,
  "controller/ReceivingofHUbyShipment.controller.js.map": 1731046118362,
  "controller/ReceivingofHUbyASN-dbg.controller.js": 1728987366520,
  "controller/ReceivingofHUbyASN.controller.js.map": 1731046118365,
  "controller/ReceivingOfHuByDoor-dbg.controller.js": 1728987366520,
  "controller/ReceivingOfHuByDoor.controller.js.map": 1731046118383,
  "controller/PutawayByWO-dbg.controller.js": 1728987366520,
  "controller/PutawayByWO.controller.js.map": 1731046118372,
  "controller/PutawayByHuc-dbg.controller.js": 1728987366520,
  "controller/PutawayByHuc.controller.js.map": 1731046118374,
  "controller/PutawayByHU-dbg.controller.js": 1728987366520,
  "controller/PutawayByHU.controller.js.map": 1731046118380,
  "controller/ProductInspectionByStorageBin-dbg.controller.js": 1728987366520,
  "controller/ProductInspectionByStorageBin.controller.js.map": 1731046118383,
  "controller/ProductInspectionByHU-dbg.controller.js": 1728987366520,
  "controller/ProductInspectionByHU.controller.js.map": 1731046118387,
  "controller/PickPoint-dbg.controller.js": 1728987366520,
  "controller/PickPoint.controller.js.map": 1731046118393,
  "controller/ManuallyRepackingByHUItem-dbg.controller.js": 1728987366520,
  "controller/ManuallyRepackingByHUItem.controller.js.map": 1731046118399,
  "controller/ManuallyRepackHU-dbg.controller.js": 1728987366520,
  "controller/ManuallyRepackHU.controller.js.map": 1731046118399,
  "controller/ManuallyRepackAllHUItems-dbg.controller.js": 1728987366520,
  "controller/ManuallyRepackAllHUItems.controller.js.map": 1731046118459,
  "controller/MaintainHU-dbg.controller.js": 1729774934389,
  "controller/MaintainHU.controller.js.map": 1731046118455,
  "controller/LoadbyHUManPosAssiognment-dbg.controller.js": 1728987366520,
  "controller/LoadbyHUManPosAssiognment.controller.js.map": 1731046118457,
  "controller/LoadbyHUAutoPosAssiognment-dbg.controller.js": 1728987366520,
  "controller/LoadbyHUAutoPosAssiognment.controller.js.map": 1731046118460,
  "controller/InitialScreen-dbg.controller.js": 1730984214780,
  "controller/InitialScreen.controller.js.map": 1731046118558,
  "uitls/Constant-dbg.js": 1728987366524,
  "uitls/Constant.js.map": 1731046118466,
  "controller/HuMaintanaceInDeconsolidation-dbg.controller.js": 1729495863607,
  "controller/HuMaintanaceInDeconsolidation.controller.js.map": 1731046118473,
  "controller/Home-dbg.controller.js": 1730984058440,
  "controller/Home.controller.js.map": 1731046118553,
  "controller/HUStockOverviewQuery-dbg.controller.js": 1730876698750,
  "controller/HUStockOverviewQuery.controller.js.map": 1731046118497,
  "controller/DeconsolidationManually-dbg.controller.js": 1728987366520,
  "controller/DeconsolidationManually.controller.js.map": 1731046118560,
  "controller/DeconsolidationAutomatically-dbg.controller.js": 1728987366520,
  "controller/DeconsolidationAutomatically.controller.js.map": 1731046118562,
  "controller/DeconsAuto-dbg.controller.js": 1728987366520,
  "controller/DeconsAuto.controller.js.map": 1731046118561,
  "controller/CreationOfSingleHU-dbg.controller.js": 1728987366520,
  "controller/CreationOfSingleHU.controller.js.map": 1731046118565,
  "controller/CreateShippingHUWOWC-dbg.controller.js": 1728987366520,
  "controller/CreateShippingHUWOWC.controller.js.map": 1731046118563,
  "controller/CreateShippingHU-dbg.controller.js": 1728987366520,
  "controller/CreateShippingHU.controller.js.map": 1731046118566,
  "controller/CreatePutawayHusforDeconsolidate-dbg.controller.js": 1728987366520,
  "controller/CreatePutawayHusforDeconsolidate.controller.js.map": 1731046118571,
  "controller/CreatePutawayHusManually-dbg.controller.js": 1728987366520,
  "controller/CreatePutawayHusManually.controller.js.map": 1731046118568,
  "controller/CreateConfirmAdhocProduct-dbg.controller.js": 1728987366520,
  "controller/CreateConfirmAdhocProduct.controller.js.map": 1731046118573,
  "controller/CreateConfirmAdhocHu-dbg.controller.js": 1728987366520,
  "controller/CreateConfirmAdhocHu.controller.js.map": 1731046118578,
  "controller/ConsumptionByManufacturingOrder-dbg.controller.js": 1728987366520,
  "controller/ConsumptionByManufacturingOrder.controller.js.map": 1731046118580,
  "controller/ConfigLogin-dbg.controller.js": 1730984058440,
  "controller/ConfigLogin.controller.js.map": 1731046118575,
  "controller/ChangeResourceGroup-dbg.controller.js": 1728987366520,
  "controller/ChangeResourceGroup.controller.js.map": 1731046118578,
  "controller/ChangeQueue-dbg.controller.js": 1728987366520,
  "controller/ChangeQueue.controller.js.map": 1731046118581,
  "controller/ChangeLoadingUnloadingDetails-dbg.controller.js": 1728987366520,
  "controller/ChangeLoadingUnloadingDetails.controller.js.map": 1731046118581,
  "controller/BillofLading-dbg.controller.js": 1728987366516,
  "controller/BillofLading.controller.js.map": 1731046118584,
  "controller/BaseController-dbg.js": 1730984058440,
  "controller/BaseController.js.map": 1731046118600,
  "controller/AvailableHandlingUnitsOnBinQuery-dbg.controller.js": 1730876698750,
  "controller/AvailableHandlingUnitsOnBinQuery.controller.js.map": 1731046118591,
  "controller/AutomaticallyRepackHu-dbg.controller.js": 1728987366516,
  "controller/AutomaticallyRepackHu.controller.js.map": 1731046118588,
  "controller/HuQuery-dbg.controller.js": 1730984058440,
  "controller/HuQuery.controller.js.map": 1731046118596,
  "controller/App-dbg.controller.js": 1728987366516,
  "controller/App.controller.js.map": 1731046118589,
  "controller/AdhocProductWt-dbg.controller.js": 1728987366516,
  "controller/AdhocProductWt.controller.js.map": 1731046118592,
  "controller/AdhocInventoryCreation-dbg.controller.js": 1728987366516,
  "controller/AdhocInventoryCreation.controller.js.map": 1731046118596,
  "controller/AdhocHuWt-dbg.controller.js": 1728987366516,
  "controller/AdhocHuWt.controller.js.map": 1731046118599,
  "Component-dbg.js": 1730809813047,
  "Component.js.map": 1731046118598,
  "Component-preload.js": 1731046119292,
  "Component-preload.js.map": 1731046119297,
  "view/WTQueryByWT.view.xml": 1730876698758,
  "view/WTQueryByWO.view.xml": 1730984058448,
  "view/WTQueryByQueue.view.xml": 1730984058448,
  "view/WTQueryByHU.view.xml": 1730984058448,
  "view/WHProcessingByBOL.view.xml": 1728987366532,
  "view/UnloadingByTU.view.xml": 1728987366532,
  "view/UnloadingByShipment.view.xml": 1728987366532,
  "view/UnloadingByDoor.view.xml": 1728987366532,
  "view/UnloadingByConsignmentOrder.view.xml": 1728987366532,
  "view/UnloadingByBillofLading.view.xml": 1730267844434,
  "view/UnloadingASNDetails.view.xml": 1728987366532,
  "view/UnloadByHu.view.xml": 1729774934461,
  "view/UnloadByDelivery.view.xml": 1728987366532,
  "view/Supervisor.view.xml": 1729774934461,
  "view/StockBinQueryByProduct.view.xml": 1730984058444,
  "view/StockBinQueryByBin.view.xml": 1730877191609,
  "view/SetReadyforWHProcessingByCO.view.xml": 1728987366532,
  "view/SerialNumberLocation.view.xml": 1730984058444,
  "view/ReversalofConsumptionbyMObyHU.view.xml": 1728987366532,
  "view/ReversalofConsumptionbyMO_Bin.view.xml": 1728987366532,
  "view/ResourcePage.view.xml": 1730984058444,
  "view/RecevingOfHUbyTUorDoor.view.xml": 1728987366532,
  "view/RecevingOfHUbyManufacturingOrder.view.xml": 1728987366532,
  "view/RecevingOfHUbyDelivery.view.xml": 1728987366532,
  "view/Receivingofhubyco.view.xml": 1728987366532,
  "view/ReceivingofHUbyTU.view.xml": 1728987366532,
  "view/ReceivingofHUbyShipment.view.xml": 1728987366532,
  "view/ReceivingofHUbyASN.view.xml": 1728987366528,
  "view/ReceivingOfHuByDoor.view.xml": 1728987366528,
  "view/PutawayByWO.view.xml": 1728987366528,
  "view/PutawayByHuc.view.xml": 1728987366528,
  "view/PutawayByHU.view.xml": 1728987366528,
  "view/ProductInspectionByStorageBin.view.xml": 1728987366528,
  "view/ProductInspectionByHU.view.xml": 1728987366528,
  "view/PickPoint.view.xml": 1728987366528,
  "view/ManuallyRepackingByHUItem.view.xml": 1728987366528,
  "view/ManuallyRepackHU.view.xml": 1728987366528,
  "view/ManuallyRepackAllHUItems.view.xml": 1728987366528,
  "view/MaintainHU.view.xml": 1728987366528,
  "view/LoadbyHUManPosAssiognment.view.xml": 1728987366528,
  "view/LoadbyHUAutoPosAssiognment.view.xml": 1728987366528,
  "view/InitialScreen.view.xml": 1730984058444,
  "view/HuQuery.view.xml": 1730984058444,
  "view/HuMaintanaceInDeconsolidation.view.xml": 1729495863615,
  "view/Home.view.xml": 1730799721580,
  "view/HUStockOverviewQuery.view.xml": 1730984058444,
  "view/DeconsolidationManually.view.xml": 1728987366528,
  "view/DeconsolidationAutomatically.view.xml": 1728987366528,
  "view/DeconsAuto.view.xml": 1728987366528,
  "view/CreationOfSingleHU.view.xml": 1728987366528,
  "view/CreateShippingHUWOWC.view.xml": 1728987366528,
  "view/CreateShippingHU.view.xml": 1728987366528,
  "view/CreatePutawayHusforDeconsolidate.view.xml": 1728987366528,
  "view/CreatePutawayHusManually.view.xml": 1728987366528,
  "view/CreateConfirmAdhocProduct.view.xml": 1728987366528,
  "view/CreateConfirmAdhocHu.view.xml": 1728987366528,
  "view/ConsumptionByManufacturingOrder.view.xml": 1728987366528,
  "view/ConfigLogin.view.xml": 1730803443091,
  "view/ChangeResourceGroup.view.xml": 1728987366528,
  "view/ChangeQueue.view.xml": 1728987366528,
  "view/ChangeLoadingUnloadingDetails.view.xml": 1728987366528,
  "view/BillofLading.view.xml": 1728987366524,
  "view/AvailableHandlingUnitsOnBinQuery.view.xml": 1730877514113,
  "view/AutomaticallyRepackHu.view.xml": 1728987366524,
  "view/AutomaticallyRepackHUItem.view.xml": 1728987366524,
  "view/App.view.xml": 1728987366524,
  "view/AdhocProductWt.view.xml": 1728987366524,
  "view/AdhocInventoryCreation.view.xml": 1728987366524,
  "view/AdhocHuWt.view.xml": 1728987366524,
  "css/style.css": 1730984058444,
  "fragments/UserTileView.fragment.xml": 1728987366524,
  "fragments/UserDetails.fragment.xml": 1730984058444,
  "fragments/SignUpDetails.fragment.xml": 1729774934421,
  "fragments/SelectToApplyTheme.fragment.xml": 1728987366524,
  "fragments/SelectFields.fragment.xml": 1729495863611,
  "fragments/SapLogon.fragment.xml": 1730877191609,
  "fragments/ProfileDialog.fragment.xml": 1730267844426,
  "fragments/LanguageTransulations.fragment.xml": 1728987366524,
  "fragments/InitialSignup.fragment.xml": 1729830028881,
  "fragments/GenerictilePressPopOver.fragment.xml": 1729774934409,
  "fragments/ConnecttoSAP.fragment.xml": 1728987366524,
  "fragments/ChangePassword.fragment.xml": 1729774934409,
  "fragments/AvatarInHomepage.fragment.xml": 1729774934409,
  "fragments/ApproveDetails.fragment.xml": 1728987366524,
  "docs/helpdoc.pdf": 1728987366524,
  "Images/Gif animation 1.gif": 1729834258892,
  "Images/Artihcuslogo.png": 1728987366516,
  "index.html": 1730809902675
}