{
  "controller/UnloadingByDoor.controller.js": 1725902226683,
  "controller/AdhocHuWt.controller.js": 1725872955102,
  "model/data1.json": 1725627928257,
  "model/data.json": 1725902226687,
  "controller/WTQueryByWT.controller.js": 1726131205711,
  "controller/WTQueryByWO.controller.js": 1726131205711,
  "controller/WTQueryByHU.controller.js": 1726131205707,
  "controller/UnloadingByTU.controller.js": 1726131205707,
  "controller/UnloadingByShipment.controller.js": 1726131205707,
  "i18n/i18n.properties": 1725627928257,
  "controller/UnloadingByConsignmentOrder.controller.js": 1726134332252,
  "controller/UnloadingByBillofLading.controller.js": 1726131205703,
  "controller/UnloadingASNDetails.controller.js": 1725947112139,
  "controller/UnloadByDelivery.controller.js": 1725906217418,
  "controller/Supervisor.controller.js": 1726134332252,
  "controller/StockBinQueryByProduct.controller.js": 1726131205703,
  "controller/StockBinQueryByBin.controller.js": 1726131205699,
  "controller/SerialNumberLocation.controller.js": 1726131205699,
  "controller/ResourcePage.controller.js": 1725902226679,
  "controller/RecevingOfHUbyTUorDoor.controller.js": 1726131205699,
  "controller/RecevingOfHUbyManufacturingOrder.controller.js": 1726131205695,
  "controller/RecevingOfHUbyDelivery.controller.js": 1726131205695,
  "controller/Receivingofhubyco.controller.js": 1726131205695,
  "controller/ReceivingofHUbyTU.controller.js": 1726131205691,
  "controller/ReceivingofHUbyShipment.controller.js": 1726131205691,
  "controller/ReceivingofHUbyASN.controller.js": 1726131205691,
  "controller/ReceivingOfHuByDoor.controller.js": 1726131205687,
  "controller/PutawayByWO.controller.js": 1726131205687,
  "controller/PutawayByHU.controller.js": 1726131205683,
  "controller/InitialScreen.controller.js": 1726131205683,
  "controller/HuQuery.controller.js": 1726131205683,
  "controller/Home.controller.js": 1726134332252,
  "controller/CreateConfirmAdhocProduct.controller.js": 1726131205683,
  "controller/CreateConfirmAdhocHu.controller.js": 1726131205683,
  "controller/BillofLading.controller.js": 1725902226663,
  "controller/BaseController.js": 1725627928257,
  "controller/AvailableHandlingUnitsOnBinQuery.controller.js": 1726131205679,
  "controller/App.controller.js": 1725627928257,
  "controller/AdhocProductWt.controller.js": 1725872955102,
  "model/models.js": 1725627928257,
  "manifest.json": 1726134384630,
  "Component.js": 1725627928257,
  "controller/WTQueryByHU-dbg.controller.js": 1726131205707,
  "controller/WTQueryByHU.controller.js.map": 1726134384749,
  "controller/WTQueryByWT-dbg.controller.js": 1726131205711,
  "controller/WTQueryByWT.controller.js.map": 1726134384747,
  "controller/WTQueryByWO-dbg.controller.js": 1726131205711,
  "controller/WTQueryByWO.controller.js.map": 1726134384756,
  "controller/AdhocHuWt-dbg.controller.js": 1725872955102,
  "controller/AdhocHuWt.controller.js.map": 1726134384747,
  "controller/UnloadingByTU-dbg.controller.js": 1726131205707,
  "controller/UnloadingByTU.controller.js.map": 1726134384759,
  "controller/UnloadingByShipment-dbg.controller.js": 1726131205707,
  "controller/UnloadingByShipment.controller.js.map": 1726134384760,
  "controller/UnloadingByDoor-dbg.controller.js": 1725902226683,
  "controller/UnloadingByDoor.controller.js.map": 1726134384760,
  "controller/UnloadingByConsignmentOrder-dbg.controller.js": 1726134332252,
  "controller/UnloadingByConsignmentOrder.controller.js.map": 1726134384775,
  "controller/UnloadingByBillofLading-dbg.controller.js": 1726131205703,
  "controller/UnloadingByBillofLading.controller.js.map": 1726134384771,
  "controller/UnloadingASNDetails-dbg.controller.js": 1725947112139,
  "controller/UnloadingASNDetails.controller.js.map": 1726134384774,
  "controller/UnloadByDelivery-dbg.controller.js": 1725906217418,
  "controller/UnloadByDelivery.controller.js.map": 1726134384772,
  "controller/Supervisor-dbg.controller.js": 1726134332252,
  "controller/Supervisor.controller.js.map": 1726134384981,
  "controller/StockBinQueryByProduct-dbg.controller.js": 1726131205703,
  "controller/StockBinQueryByProduct.controller.js.map": 1726134384776,
  "controller/StockBinQueryByBin-dbg.controller.js": 1726131205699,
  "controller/StockBinQueryByBin.controller.js.map": 1726134384780,
  "controller/SerialNumberLocation-dbg.controller.js": 1726131205699,
  "controller/SerialNumberLocation.controller.js.map": 1726134384780,
  "controller/ResourcePage-dbg.controller.js": 1725902226679,
  "controller/ResourcePage.controller.js.map": 1726134384843,
  "controller/RecevingOfHUbyTUorDoor-dbg.controller.js": 1726131205699,
  "controller/RecevingOfHUbyTUorDoor.controller.js.map": 1726134384786,
  "controller/RecevingOfHUbyManufacturingOrder-dbg.controller.js": 1726131205695,
  "controller/RecevingOfHUbyManufacturingOrder.controller.js.map": 1726134384842,
  "controller/RecevingOfHUbyDelivery-dbg.controller.js": 1726131205695,
  "controller/RecevingOfHUbyDelivery.controller.js.map": 1726134384846,
  "controller/Receivingofhubyco-dbg.controller.js": 1726131205695,
  "controller/Receivingofhubyco.controller.js.map": 1726134384852,
  "controller/ReceivingofHUbyTU-dbg.controller.js": 1726131205691,
  "controller/ReceivingofHUbyTU.controller.js.map": 1726134384852,
  "controller/ReceivingofHUbyShipment-dbg.controller.js": 1726131205691,
  "controller/ReceivingofHUbyShipment.controller.js.map": 1726134384856,
  "controller/ReceivingofHUbyASN-dbg.controller.js": 1726131205691,
  "controller/ReceivingofHUbyASN.controller.js.map": 1726134384863,
  "controller/ReceivingOfHuByDoor-dbg.controller.js": 1726131205687,
  "controller/ReceivingOfHuByDoor.controller.js.map": 1726134384870,
  "controller/PutawayByWO-dbg.controller.js": 1726131205687,
  "controller/PutawayByWO.controller.js.map": 1726134384861,
  "controller/PutawayByHU-dbg.controller.js": 1726131205683,
  "controller/PutawayByHU.controller.js.map": 1726134384865,
  "controller/InitialScreen-dbg.controller.js": 1726131205683,
  "controller/InitialScreen.controller.js.map": 1726134384872,
  "controller/HuQuery-dbg.controller.js": 1726131205683,
  "controller/HuQuery.controller.js.map": 1726134384877,
  "controller/Home-dbg.controller.js": 1726134332252,
  "controller/Home.controller.js.map": 1726134384964,
  "controller/CreateConfirmAdhocProduct-dbg.controller.js": 1726131205683,
  "controller/CreateConfirmAdhocProduct.controller.js.map": 1726134384876,
  "controller/CreateConfirmAdhocHu-dbg.controller.js": 1726131205683,
  "controller/CreateConfirmAdhocHu.controller.js.map": 1726134384879,
  "controller/BillofLading-dbg.controller.js": 1725902226663,
  "controller/BillofLading.controller.js.map": 1726134384884,
  "controller/BaseController-dbg.js": 1725627928257,
  "controller/BaseController.js.map": 1726134384882,
  "controller/AvailableHandlingUnitsOnBinQuery-dbg.controller.js": 1726131205679,
  "controller/AvailableHandlingUnitsOnBinQuery.controller.js.map": 1726134384884,
  "controller/App-dbg.controller.js": 1725627928257,
  "controller/App.controller.js.map": 1726134384885,
  "controller/AdhocProductWt-dbg.controller.js": 1725872955102,
  "controller/AdhocProductWt.controller.js.map": 1726134384886,
  "model/models-dbg.js": 1725627928257,
  "model/models.js.map": 1726134384886,
  "Component-dbg.js": 1725627928257,
  "Component.js.map": 1726134384888,
  "Component-preload.js": 1726134385336,
  "Component-preload.js.map": 1726134385337,
  "view/WTQueryByWT.view.xml": 1726134332252,
  "view/WTQueryByWO.view.xml": 1726134332252,
  "view/WTQueryByHU.view.xml": 1726131205747,
  "view/UnloadingByTU.view.xml": 1726131205743,
  "view/UnloadingByShipment.view.xml": 1726131205743,
  "view/UnloadingByDoor.view.xml": 1726131205743,
  "view/UnloadingByConsignmentOrder.view.xml": 1726134332252,
  "view/UnloadingByBillofLading.view.xml": 1726131205739,
  "view/UnloadingASNDetails.view.xml": 1725947112139,
  "view/UnloadByDelivery.view.xml": 1725954458745,
  "view/Supervisor.view.xml": 1726131205739,
  "view/StockBinQueryByProduct.view.xml": 1726131205739,
  "view/StockBinQueryByBin.view.xml": 1726131205739,
  "view/SerialNumberLocation.view.xml": 1726131205739,
  "view/ResourcePage.view.xml": 1725902226699,
  "view/RecevingOfHUbyTUorDoor.view.xml": 1726131205739,
  "view/RecevingOfHUbyManufacturingOrder.view.xml": 1726131205735,
  "view/RecevingOfHUbyDelivery.view.xml": 1726131205735,
  "view/Receivingofhubyco.view.xml": 1726131205735,
  "view/ReceivingofHUbyTU.view.xml": 1726131205731,
  "view/ReceivingofHUbyShipment.view.xml": 1726131205731,
  "view/ReceivingofHUbyASN.view.xml": 1726131205727,
  "view/ReceivingOfHuByDoor.view.xml": 1726131205727,
  "view/PutawayByWO.view.xml": 1726131205723,
  "view/PutawayByHU.view.xml": 1725902226695,
  "view/InitialScreen.view.xml": 1726131205723,
  "view/HuQuery.view.xml": 1726131205719,
  "view/Home.view.xml": 1725627928257,
  "view/CreateConfirmAdhocProduct.view.xml": 1726131205719,
  "view/CreateConfirmAdhocHu.view.xml": 1726131205719,
  "view/BillofLading.view.xml": 1726131205719,
  "view/AvailableHandlingUnitsOnBinQuery.view.xml": 1726131205719,
  "view/App.view.xml": 1725627928257,
  "view/AdhocProductWt.view.xml": 1725872955102,
  "view/AdhocHuWt.view.xml": 1726131205715,
  "fragments/SignUpDetails.fragment.xml": 1725627928257,
  "fragments/SapLogon.fragment.xml": 1726131205715,
  "fragments/Resetpassword.fragment.xml": 1725627928257,
  "fragments/Forgotpassword.fragment.xml": 1726131205715,
  "fragments/ConnecttoSAP.fragment.xml": 1726131205715,
  "fragments/ApproveDetails.fragment.xml": 1725627928257,
  "css/style.css": 1726131205711,
  "index.html": 1725627928257
}