{
  "controller/UnloadingByBillofLading.controller.js.map": 1728992596610,
  "controller/UnloadingByDoor.controller.js": 1728730024182,
  "model/models.js": 1726031435656,
  "model/data1.json": 1728730024186,
  "model/data.json": 1726031435656,
  "controller/WTQueryByWT.controller.js": 1727345086110,
  "controller/WTQueryByWO.controller.js": 1727345086110,
  "controller/WTQueryByQueue.controller.js": 1728730024182,
  "controller/WTQueryByHU.controller.js": 1728730024182,
  "controller/WHProcessingByBOL.controller.js": 1728730024182,
  "controller/UnloadingByTU.controller.js": 1728730024182,
  "controller/UnloadingByShipment.controller.js": 1728730024182,
  "uitls/Constant.js": 1728730024186,
  "controller/UnloadingByConsignmentOrder.controller.js": 1728730024182,
  "controller/UnloadingByBillofLading.controller.js": 1728730024178,
  "controller/UnloadingASNDetails.controller.js": 1728730024178,
  "controller/UnloadByHu.controller.js": 1728730024178,
  "controller/UnloadByDelivery.controller.js": 1727345086106,
  "controller/Supervisor.controller.js": 1728730024178,
  "controller/StockBinQueryByProduct.controller.js": 1727345086106,
  "controller/StockBinQueryByBin.controller.js": 1728730024178,
  "controller/SetReadyforWHProcessingByCO.controller.js": 1728730024178,
  "controller/SerialNumberLocation.controller.js": 1727345086102,
  "controller/ReversalofConsumptionbyMObyHU.controller.js": 1728730024178,
  "controller/ReversalofConsumptionbyMO_Bin.controller.js": 1728730024178,
  "controller/ResourcePage.controller.js": 1728730024178,
  "controller/RecevingOfHUbyTUorDoor.controller.js": 1728730024178,
  "controller/RecevingOfHUbyManufacturingOrder.controller.js": 1728730024178,
  "controller/RecevingOfHUbyDelivery.controller.js": 1728730024178,
  "controller/Receivingofhubyco.controller.js": 1728730024178,
  "controller/ReceivingofHUbyTU.controller.js": 1728730024178,
  "controller/ReceivingofHUbyShipment.controller.js": 1728730024178,
  "controller/ReceivingofHUbyASN.controller.js": 1728730024178,
  "controller/ReceivingOfHuByDoor.controller.js": 1727345086102,
  "controller/PutawayByWO.controller.js": 1728730024178,
  "controller/PutawayByHuc.controller.js": 1728730024178,
  "controller/PutawayByHU.controller.js": 1728730024178,
  "controller/ProductInspectionByStorageBin.controller.js": 1728730024178,
  "controller/ProductInspectionByHU.controller.js": 1728730024178,
  "controller/PickPoint.controller.js": 1728730024178,
  "controller/ManuallyRepackingByHUItem.controller.js": 1728730024174,
  "controller/ManuallyRepackHU.controller.js": 1728730024174,
  "controller/ManuallyRepackAllHUItems.controller.js": 1728730024174,
  "controller/MaintainHU.controller.js": 1728730024174,
  "controller/LoadbyHUManPosAssiognment.controller.js": 1728730024174,
  "controller/LoadbyHUAutoPosAssiognment.controller.js": 1728730024174,
  "controller/InitialScreen.controller.js": 1728992281805,
  "controller/HuQuery.controller.js": 1728730024174,
  "controller/HuMaintanaceInDeconsolidation.controller.js": 1728730024174,
  "controller/Home.controller.js": 1728730024174,
  "controller/HUStockOverviewQuery.controller.js": 1728730024174,
  "controller/DeconsolidationManually.controller.js": 1728730024174,
  "controller/DeconsolidationAutomatically.controller.js": 1728730024174,
  "controller/DeconsAuto.controller.js": 1728730024174,
  "controller/CreationOfSingleHU.controller.js": 1728730024174,
  "controller/CreateShippingHUWOWC.controller.js": 1727345086102,
  "controller/CreateShippingHU.controller.js": 1727345086102,
  "controller/CreatePutawayHusforDeconsolidate.controller.js": 1728730024174,
  "controller/CreatePutawayHusManually.controller.js": 1728730024174,
  "controller/CreateConfirmAdhocProduct.controller.js": 1727345086102,
  "controller/CreateConfirmAdhocHu.controller.js": 1727345086102,
  "controller/ConsumptionByManufacturingOrder.controller.js": 1728730024174,
  "controller/ChangeResourceGroup.controller.js": 1728730024174,
  "controller/ChangeQueue.controller.js": 1728730024174,
  "controller/ChangeLoadingUnloadingDetails.controller.js": 1728730024170,
  "controller/BillofLading.controller.js": 1727345086102,
  "controller/BaseController.js": 1728730024170,
  "controller/AvailableHandlingUnitsOnBinQuery.controller.js": 1728730024170,
  "controller/AutomaticallyRepackHu.controller.js": 1728730024170,
  "controller/AutomaticallyRepackHUItem.controller.js": 1728730024170,
  "controller/App.controller.js": 1726031435652,
  "controller/AdhocProductWt.controller.js": 1727345086098,
  "controller/AdhocInventoryCreation.controller.js": 1728730024170,
  "controller/AdhocHuWt.controller.js": 1727345086098,
  "manifest.json": 1728992596412,
  "Component.js": 1727345033726,
  "controller/UnloadingASNDetails-dbg.controller.js": 1728730024178,
  "controller/UnloadingASNDetails.controller.js.map": 1728992596536,
  "model/models-dbg.js": 1726031435656,
  "model/models.js.map": 1728992596524,
  "controller/WTQueryByWT-dbg.controller.js": 1727345086110,
  "controller/WTQueryByWT.controller.js.map": 1728992596531,
  "controller/WTQueryByWO-dbg.controller.js": 1727345086110,
  "controller/WTQueryByWO.controller.js.map": 1728992596539,
  "controller/WTQueryByQueue-dbg.controller.js": 1728730024182,
  "controller/WTQueryByQueue.controller.js.map": 1728992596539,
  "controller/WTQueryByHU-dbg.controller.js": 1728730024182,
  "controller/WTQueryByHU.controller.js.map": 1728992596590,
  "controller/WHProcessingByBOL-dbg.controller.js": 1728730024182,
  "controller/WHProcessingByBOL.controller.js.map": 1728992596584,
  "controller/UnloadingByTU-dbg.controller.js": 1728730024182,
  "controller/UnloadingByTU.controller.js.map": 1728992596598,
  "controller/UnloadingByShipment-dbg.controller.js": 1728730024182,
  "controller/UnloadingByShipment.controller.js.map": 1728992596596,
  "uitls/Constant-dbg.js": 1728730024186,
  "uitls/Constant.js.map": 1728992596592,
  "controller/UnloadingByConsignmentOrder-dbg.controller.js": 1728730024182,
  "controller/UnloadingByConsignmentOrder.controller.js.map": 1728992596620,
  "controller/UnloadingByBillofLading-dbg.controller.js": 1728730024178,
  "i18n/i18n.properties": 1728730024182,
  "controller/UnloadingByDoor-dbg.controller.js": 1728730024182,
  "controller/UnloadingByDoor.controller.js.map": 1728992596604,
  "controller/UnloadByHu-dbg.controller.js": 1728730024178,
  "controller/UnloadByHu.controller.js.map": 1728992596616,
  "controller/UnloadByDelivery-dbg.controller.js": 1727345086106,
  "controller/UnloadByDelivery.controller.js.map": 1728992596624,
  "controller/Supervisor-dbg.controller.js": 1728730024178,
  "controller/Supervisor.controller.js.map": 1728992596999,
  "controller/StockBinQueryByProduct-dbg.controller.js": 1727345086106,
  "controller/StockBinQueryByProduct.controller.js.map": 1728992596622,
  "controller/StockBinQueryByBin-dbg.controller.js": 1728730024178,
  "controller/StockBinQueryByBin.controller.js.map": 1728992596635,
  "controller/SetReadyforWHProcessingByCO-dbg.controller.js": 1728730024178,
  "controller/SetReadyforWHProcessingByCO.controller.js.map": 1728992596626,
  "controller/SerialNumberLocation-dbg.controller.js": 1727345086102,
  "controller/SerialNumberLocation.controller.js.map": 1728992596634,
  "controller/ReversalofConsumptionbyMObyHU-dbg.controller.js": 1728730024178,
  "controller/ReversalofConsumptionbyMObyHU.controller.js.map": 1728992596640,
  "controller/ReversalofConsumptionbyMO_Bin-dbg.controller.js": 1728730024178,
  "controller/ReversalofConsumptionbyMO_Bin.controller.js.map": 1728992596690,
  "controller/ResourcePage-dbg.controller.js": 1728730024178,
  "controller/ResourcePage.controller.js.map": 1728992597004,
  "controller/RecevingOfHUbyTUorDoor-dbg.controller.js": 1728730024178,
  "controller/RecevingOfHUbyTUorDoor.controller.js.map": 1728992596687,
  "controller/RecevingOfHUbyManufacturingOrder-dbg.controller.js": 1728730024178,
  "controller/RecevingOfHUbyManufacturingOrder.controller.js.map": 1728992596696,
  "controller/RecevingOfHUbyDelivery-dbg.controller.js": 1728730024178,
  "controller/RecevingOfHUbyDelivery.controller.js.map": 1728992596701,
  "controller/Receivingofhubyco-dbg.controller.js": 1728730024178,
  "controller/Receivingofhubyco.controller.js.map": 1728992596708,
  "controller/ReceivingofHUbyTU-dbg.controller.js": 1728730024178,
  "controller/ReceivingofHUbyTU.controller.js.map": 1728992596716,
  "controller/ReceivingofHUbyShipment-dbg.controller.js": 1728730024178,
  "controller/ReceivingofHUbyShipment.controller.js.map": 1728992596718,
  "controller/ReceivingofHUbyASN-dbg.controller.js": 1728730024178,
  "controller/ReceivingofHUbyASN.controller.js.map": 1728992596792,
  "controller/ReceivingOfHuByDoor-dbg.controller.js": 1727345086102,
  "controller/ReceivingOfHuByDoor.controller.js.map": 1728992596795,
  "controller/PutawayByWO-dbg.controller.js": 1728730024178,
  "controller/PutawayByWO.controller.js.map": 1728992596801,
  "controller/PutawayByHuc-dbg.controller.js": 1728730024178,
  "controller/PutawayByHuc.controller.js.map": 1728992596798,
  "controller/PutawayByHU-dbg.controller.js": 1728730024178,
  "controller/PutawayByHU.controller.js.map": 1728992596807,
  "controller/ProductInspectionByStorageBin-dbg.controller.js": 1728730024178,
  "controller/ProductInspectionByStorageBin.controller.js.map": 1728992596806,
  "controller/ProductInspectionByHU-dbg.controller.js": 1728730024178,
  "controller/ProductInspectionByHU.controller.js.map": 1728992596812,
  "controller/PickPoint-dbg.controller.js": 1728730024178,
  "controller/PickPoint.controller.js.map": 1728992596891,
  "controller/ManuallyRepackingByHUItem-dbg.controller.js": 1728730024174,
  "controller/ManuallyRepackingByHUItem.controller.js.map": 1728992596894,
  "controller/ManuallyRepackHU-dbg.controller.js": 1728730024174,
  "controller/ManuallyRepackHU.controller.js.map": 1728992596910,
  "controller/ManuallyRepackAllHUItems-dbg.controller.js": 1728730024174,
  "controller/ManuallyRepackAllHUItems.controller.js.map": 1728992596907,
  "controller/MaintainHU-dbg.controller.js": 1728730024174,
  "controller/MaintainHU.controller.js.map": 1728992596910,
  "controller/LoadbyHUManPosAssiognment-dbg.controller.js": 1728730024174,
  "controller/LoadbyHUManPosAssiognment.controller.js.map": 1728992596914,
  "controller/LoadbyHUAutoPosAssiognment-dbg.controller.js": 1728730024174,
  "controller/LoadbyHUAutoPosAssiognment.controller.js.map": 1728992596914,
  "controller/InitialScreen-dbg.controller.js": 1728992281805,
  "controller/InitialScreen.controller.js.map": 1728992597009,
  "controller/HuQuery-dbg.controller.js": 1728730024174,
  "controller/HuQuery.controller.js.map": 1728992596984,
  "controller/HuMaintanaceInDeconsolidation-dbg.controller.js": 1728730024174,
  "controller/HuMaintanaceInDeconsolidation.controller.js.map": 1728992596989,
  "controller/Home-dbg.controller.js": 1728730024174,
  "controller/Home.controller.js.map": 1728992597019,
  "controller/HUStockOverviewQuery-dbg.controller.js": 1728730024174,
  "controller/HUStockOverviewQuery.controller.js.map": 1728992597004,
  "controller/DeconsolidationManually-dbg.controller.js": 1728730024174,
  "controller/DeconsolidationManually.controller.js.map": 1728992597018,
  "controller/DeconsolidationAutomatically-dbg.controller.js": 1728730024174,
  "controller/DeconsolidationAutomatically.controller.js.map": 1728992597008,
  "controller/DeconsAuto-dbg.controller.js": 1728730024174,
  "controller/DeconsAuto.controller.js.map": 1728992597009,
  "controller/CreationOfSingleHU-dbg.controller.js": 1728730024174,
  "controller/CreationOfSingleHU.controller.js.map": 1728992597012,
  "controller/CreateShippingHUWOWC-dbg.controller.js": 1727345086102,
  "controller/CreateShippingHUWOWC.controller.js.map": 1728992597013,
  "controller/CreateShippingHU-dbg.controller.js": 1727345086102,
  "controller/CreateShippingHU.controller.js.map": 1728992597017,
  "controller/CreatePutawayHusforDeconsolidate-dbg.controller.js": 1728730024174,
  "controller/CreatePutawayHusforDeconsolidate.controller.js.map": 1728992597018,
  "controller/CreatePutawayHusManually-dbg.controller.js": 1728730024174,
  "controller/CreatePutawayHusManually.controller.js.map": 1728992597084,
  "controller/CreateConfirmAdhocProduct-dbg.controller.js": 1727345086102,
  "controller/CreateConfirmAdhocProduct.controller.js.map": 1728992597085,
  "controller/CreateConfirmAdhocHu-dbg.controller.js": 1727345086102,
  "controller/CreateConfirmAdhocHu.controller.js.map": 1728992597084,
  "controller/ConsumptionByManufacturingOrder-dbg.controller.js": 1728730024174,
  "controller/ConsumptionByManufacturingOrder.controller.js.map": 1728992597097,
  "controller/ChangeResourceGroup-dbg.controller.js": 1728730024174,
  "controller/ChangeResourceGroup.controller.js.map": 1728992597089,
  "controller/ChangeQueue-dbg.controller.js": 1728730024174,
  "controller/ChangeQueue.controller.js.map": 1728992597088,
  "controller/ChangeLoadingUnloadingDetails-dbg.controller.js": 1728730024170,
  "controller/ChangeLoadingUnloadingDetails.controller.js.map": 1728992597088,
  "controller/BillofLading-dbg.controller.js": 1727345086102,
  "controller/BillofLading.controller.js.map": 1728992597100,
  "controller/BaseController-dbg.js": 1728730024170,
  "controller/BaseController.js.map": 1728992597091,
  "controller/AvailableHandlingUnitsOnBinQuery-dbg.controller.js": 1728730024170,
  "controller/AvailableHandlingUnitsOnBinQuery.controller.js.map": 1728992597094,
  "controller/AutomaticallyRepackHu-dbg.controller.js": 1728730024170,
  "controller/AutomaticallyRepackHu.controller.js.map": 1728992597095,
  "controller/AutomaticallyRepackHUItem-dbg.controller.js": 1728730024170,
  "controller/AutomaticallyRepackHUItem.controller.js.map": 1728992597102,
  "controller/App-dbg.controller.js": 1726031435652,
  "controller/App.controller.js.map": 1728992597095,
  "controller/AdhocProductWt-dbg.controller.js": 1727345086098,
  "controller/AdhocProductWt.controller.js.map": 1728992597099,
  "controller/AdhocInventoryCreation-dbg.controller.js": 1728730024170,
  "controller/AdhocInventoryCreation.controller.js.map": 1728992597101,
  "controller/AdhocHuWt-dbg.controller.js": 1727345086098,
  "controller/AdhocHuWt.controller.js.map": 1728992597102,
  "Component-dbg.js": 1727345033726,
  "Component.js.map": 1728992597102,
  "Component-preload.js": 1728992597601,
  "Component-preload.js.map": 1728992597607,
  "view/WTQueryByWT.view.xml": 1728730024202,
  "view/WTQueryByWO.view.xml": 1727345086126,
  "view/WTQueryByQueue.view.xml": 1728730024202,
  "view/WTQueryByHU.view.xml": 1728730024202,
  "view/WHProcessingByBOL.view.xml": 1728730024202,
  "view/UnloadingByTU.view.xml": 1728730024202,
  "view/UnloadingByShipment.view.xml": 1727345086126,
  "view/UnloadingByDoor.view.xml": 1727345086126,
  "view/UnloadingByConsignmentOrder.view.xml": 1727345086126,
  "view/UnloadingByBillofLading.view.xml": 1728730024202,
  "view/UnloadingASNDetails.view.xml": 1728730024202,
  "view/UnloadByHu.view.xml": 1728730024202,
  "view/UnloadByDelivery.view.xml": 1726031435660,
  "view/Supervisor.view.xml": 1728730024202,
  "view/StockBinQueryByProduct.view.xml": 1727345086122,
  "view/StockBinQueryByBin.view.xml": 1726056557146,
  "view/SetReadyforWHProcessingByCO.view.xml": 1728730024202,
  "view/SerialNumberLocation.view.xml": 1728730024202,
  "view/ReversalofConsumptionbyMObyHU.view.xml": 1728730024202,
  "view/ReversalofConsumptionbyMO_Bin.view.xml": 1728730024202,
  "view/ResourcePage.view.xml": 1728730024202,
  "view/RecevingOfHUbyTUorDoor.view.xml": 1727345086122,
  "view/RecevingOfHUbyManufacturingOrder.view.xml": 1727345086118,
  "view/RecevingOfHUbyDelivery.view.xml": 1728730024202,
  "view/Receivingofhubyco.view.xml": 1727345086118,
  "view/ReceivingofHUbyTU.view.xml": 1726056557142,
  "view/ReceivingofHUbyShipment.view.xml": 1726056557142,
  "view/ReceivingofHUbyASN.view.xml": 1728730024202,
  "view/ReceivingOfHuByDoor.view.xml": 1726056557142,
  "view/PutawayByWO.view.xml": 1728730024202,
  "view/PutawayByHuc.view.xml": 1728730024202,
  "view/PutawayByHU.view.xml": 1728730024202,
  "view/ProductInspectionByStorageBin.view.xml": 1728730024202,
  "view/ProductInspectionByHU.view.xml": 1728730024202,
  "view/PickPoint.view.xml": 1728730024202,
  "view/ManuallyRepackingByHUItem.view.xml": 1728730024202,
  "view/ManuallyRepackHU.view.xml": 1728730024202,
  "view/ManuallyRepackAllHUItems.view.xml": 1728730024202,
  "view/MaintainHU.view.xml": 1728730024198,
  "view/LoadbyHUManPosAssiognment.view.xml": 1728730024198,
  "view/LoadbyHUAutoPosAssiognment.view.xml": 1728730024198,
  "view/InitialScreen.view.xml": 1728992281805,
  "view/HuQuery.view.xml": 1728730024198,
  "view/HuMaintanaceInDeconsolidation.view.xml": 1728730024198,
  "view/Home.view.xml": 1728730024198,
  "view/HUStockOverviewQuery.view.xml": 1728730024198,
  "view/DeconsolidationManually.view.xml": 1728730024198,
  "view/DeconsolidationAutomatically.view.xml": 1728730024198,
  "view/DeconsAuto.view.xml": 1728730024198,
  "view/CreationOfSingleHU.view.xml": 1728730024194,
  "view/CreateShippingHUWOWC.view.xml": 1728730024194,
  "view/CreateShippingHU.view.xml": 1728730024194,
  "view/CreatePutawayHusforDeconsolidate.view.xml": 1728730024194,
  "view/CreatePutawayHusManually.view.xml": 1728730024194,
  "view/CreateConfirmAdhocProduct.view.xml": 1727345086114,
  "view/CreateConfirmAdhocHu.view.xml": 1727345086114,
  "view/ConsumptionByManufacturingOrder.view.xml": 1728730024194,
  "view/ChangeResourceGroup.view.xml": 1728730024194,
  "view/ChangeQueue.view.xml": 1728730024190,
  "view/ChangeLoadingUnloadingDetails.view.xml": 1728730024190,
  "view/BillofLading.view.xml": 1727345086114,
  "view/AvailableHandlingUnitsOnBinQuery.view.xml": 1726056593154,
  "view/AutomaticallyRepackHu.view.xml": 1728730024190,
  "view/AutomaticallyRepackHUItem.view.xml": 1728730024186,
  "view/App.view.xml": 1728730024186,
  "view/AdhocProductWt.view.xml": 1727345086110,
  "view/AdhocInventoryCreation.view.xml": 1728730024186,
  "view/AdhocHuWt.view.xml": 1727345086110,
  "fragments/UserTileView.fragment.xml": 1728730024182,
  "fragments/UserDetails.fragment.xml": 1728730024182,
  "fragments/SignUpDetails.fragment.xml": 1728730024182,
  "fragments/SelectToApplyTheme.fragment.xml": 1728730024182,
  "fragments/SelectFields.fragment.xml": 1728730024182,
  "fragments/SapLogon.fragment.xml": 1728730024182,
  "fragments/Resetpassword.fragment.xml": 1726031435656,
  "fragments/ProfileDialog.fragment.xml": 1728730024182,
  "fragments/LanguageTransulations.fragment.xml": 1728730024182,
  "fragments/ConnecttoSAP.fragment.xml": 1728730024182,
  "fragments/ChangePassword.fragment.xml": 1728730024182,
  "fragments/AvatarInHomepage.fragment.xml": 1728730024182,
  "fragments/ApproveDetails.fragment.xml": 1728730024182,
  "css/style.css": 1728730024182,
  "docs/helpdoc.pdf": 1728730024182,
  "Images/Artihcuslogo.png": 1727345086098,
  "index.html": 1728730024182
}