{
  "controller/RecevingOfHUbyDelivery-dbg.controller.js": 1726131205695,
  "controller/App.controller.js": 1725627928257,
  "model/data1.json": 1725627928257,
  "model/data.json": 1725902226687,
  "controller/WTQueryByWT.controller.js": 1726131205711,
  "controller/WTQueryByWO.controller.js": 1726131205711,
  "controller/WTQueryByHU.controller.js": 1726131205707,
  "controller/UnloadingByTU.controller.js": 1726131205707,
  "controller/UnloadingByShipment.controller.js": 1726131205707,
  "controller/UnloadingByDoor.controller.js": 1725902226683,
  "controller/UnloadingByConsignmentOrder.controller.js": 1726148654982,
  "controller/UnloadingByBillofLading.controller.js": 1726131205703,
  "controller/UnloadingASNDetails.controller.js": 1725947112139,
  "controller/UnloadByDelivery.controller.js": 1725906217418,
  "controller/Supervisor.controller.js": 1726148654982,
  "controller/StockBinQueryByProduct.controller.js": 1726131205703,
  "controller/StockBinQueryByBin.controller.js": 1726131205699,
  "controller/SerialNumberLocation.controller.js": 1726131205699,
  "controller/ResourcePage.controller.js": 1725902226679,
  "controller/RecevingOfHUbyTUorDoor.controller.js": 1726131205699,
  "controller/RecevingOfHUbyManufacturingOrder.controller.js": 1726131205695,
  "controller/RecevingOfHUbyDelivery.controller.js": 1726131205695,
  "controller/Receivingofhubyco.controller.js": 1726131205695,
  "controller/ReceivingofHUbyTU.controller.js": 1726131205691,
  "controller/ReceivingofHUbyShipment.controller.js": 1726131205691,
  "controller/ReceivingofHUbyASN.controller.js": 1726131205691,
  "controller/ReceivingOfHuByDoor.controller.js": 1726131205687,
  "controller/PutawayByWO.controller.js": 1726131205687,
  "controller/PutawayByHU.controller.js": 1726148654978,
  "controller/InitialScreen.controller.js": 1726131205683,
  "controller/HuQuery.controller.js": 1726131205683,
  "controller/Home.controller.js": 1726148654978,
  "controller/CreateConfirmAdhocProduct.controller.js": 1726131205683,
  "controller/CreateConfirmAdhocHu.controller.js": 1726131205683,
  "controller/BillofLading.controller.js": 1725902226663,
  "controller/BaseController.js": 1725627928257,
  "controller/AvailableHandlingUnitsOnBinQuery.controller.js": 1726131205679,
  "model/models.js": 1725627928257,
  "controller/AdhocProductWt.controller.js": 1725872955102,
  "controller/AdhocHuWt.controller.js": 1725872955102,
  "manifest.json": 1726148840711,
  "Component.js": 1725627928257,
  "controller/UnloadingASNDetails-dbg.controller.js": 1725947112139,
  "controller/UnloadingASNDetails.controller.js.map": 1726148840882,
  "controller/WTQueryByWT-dbg.controller.js": 1726131205711,
  "controller/WTQueryByWT.controller.js.map": 1726148840876,
  "controller/WTQueryByWO-dbg.controller.js": 1726131205711,
  "controller/WTQueryByWO.controller.js.map": 1726148840884,
  "controller/WTQueryByHU-dbg.controller.js": 1726131205707,
  "controller/WTQueryByHU.controller.js.map": 1726148840877,
  "controller/UnloadingByTU-dbg.controller.js": 1726131205707,
  "controller/UnloadingByTU.controller.js.map": 1726148840891,
  "controller/UnloadingByShipment-dbg.controller.js": 1726131205707,
  "controller/UnloadingByShipment.controller.js.map": 1726148840891,
  "controller/UnloadingByDoor-dbg.controller.js": 1725902226683,
  "controller/UnloadingByDoor.controller.js.map": 1726148840891,
  "controller/UnloadingByConsignmentOrder-dbg.controller.js": 1726148654982,
  "controller/UnloadingByConsignmentOrder.controller.js.map": 1726148840897,
  "controller/UnloadingByBillofLading-dbg.controller.js": 1726131205703,
  "controller/UnloadingByBillofLading.controller.js.map": 1726148840900,
  "controller/App-dbg.controller.js": 1725627928257,
  "controller/App.controller.js.map": 1726148840892,
  "controller/UnloadByDelivery-dbg.controller.js": 1725906217418,
  "controller/UnloadByDelivery.controller.js.map": 1726148840900,
  "controller/Supervisor-dbg.controller.js": 1726148654982,
  "controller/Supervisor.controller.js.map": 1726148841068,
  "controller/StockBinQueryByProduct-dbg.controller.js": 1726131205703,
  "controller/StockBinQueryByProduct.controller.js.map": 1726148840902,
  "controller/StockBinQueryByBin-dbg.controller.js": 1726131205699,
  "controller/StockBinQueryByBin.controller.js.map": 1726148840905,
  "controller/SerialNumberLocation-dbg.controller.js": 1726131205699,
  "controller/SerialNumberLocation.controller.js.map": 1726148840933,
  "controller/ResourcePage-dbg.controller.js": 1725902226679,
  "controller/ResourcePage.controller.js.map": 1726148840937,
  "controller/RecevingOfHUbyTUorDoor-dbg.controller.js": 1726131205699,
  "controller/RecevingOfHUbyTUorDoor.controller.js.map": 1726148840931,
  "controller/RecevingOfHUbyManufacturingOrder-dbg.controller.js": 1726131205695,
  "controller/RecevingOfHUbyManufacturingOrder.controller.js.map": 1726148840940,
  "i18n/i18n.properties": 1725627928257,
  "controller/RecevingOfHUbyDelivery.controller.js.map": 1726148840939,
  "controller/Receivingofhubyco-dbg.controller.js": 1726131205695,
  "controller/Receivingofhubyco.controller.js.map": 1726148840944,
  "controller/ReceivingofHUbyTU-dbg.controller.js": 1726131205691,
  "controller/ReceivingofHUbyTU.controller.js.map": 1726148840947,
  "controller/ReceivingofHUbyShipment-dbg.controller.js": 1726131205691,
  "controller/ReceivingofHUbyShipment.controller.js.map": 1726148840952,
  "controller/ReceivingofHUbyASN-dbg.controller.js": 1726131205691,
  "controller/ReceivingofHUbyASN.controller.js.map": 1726148840951,
  "controller/ReceivingOfHuByDoor-dbg.controller.js": 1726131205687,
  "controller/ReceivingOfHuByDoor.controller.js.map": 1726148841031,
  "controller/PutawayByWO-dbg.controller.js": 1726131205687,
  "controller/PutawayByWO.controller.js.map": 1726148840955,
  "controller/PutawayByHU-dbg.controller.js": 1726148654978,
  "controller/PutawayByHU.controller.js.map": 1726148840956,
  "controller/InitialScreen-dbg.controller.js": 1726131205683,
  "controller/InitialScreen.controller.js.map": 1726148840958,
  "controller/HuQuery-dbg.controller.js": 1726131205683,
  "controller/HuQuery.controller.js.map": 1726148841035,
  "controller/Home-dbg.controller.js": 1726148654978,
  "controller/Home.controller.js.map": 1726148841055,
  "controller/CreateConfirmAdhocProduct-dbg.controller.js": 1726131205683,
  "controller/CreateConfirmAdhocProduct.controller.js.map": 1726148841041,
  "controller/CreateConfirmAdhocHu-dbg.controller.js": 1726131205683,
  "controller/CreateConfirmAdhocHu.controller.js.map": 1726148841041,
  "controller/BillofLading-dbg.controller.js": 1725902226663,
  "controller/BillofLading.controller.js.map": 1726148841048,
  "controller/BaseController-dbg.js": 1725627928257,
  "controller/BaseController.js.map": 1726148841044,
  "controller/AvailableHandlingUnitsOnBinQuery-dbg.controller.js": 1726131205679,
  "controller/AvailableHandlingUnitsOnBinQuery.controller.js.map": 1726148841048,
  "model/models-dbg.js": 1725627928257,
  "model/models.js.map": 1726148841049,
  "controller/AdhocProductWt-dbg.controller.js": 1725872955102,
  "controller/AdhocProductWt.controller.js.map": 1726148841050,
  "controller/AdhocHuWt-dbg.controller.js": 1725872955102,
  "controller/AdhocHuWt.controller.js.map": 1726148841054,
  "Component-dbg.js": 1725627928257,
  "Component.js.map": 1726148841052,
  "Component-preload.js": 1726148841550,
  "Component-preload.js.map": 1726148841550,
  "view/WTQueryByWT.view.xml": 1726148654986,
  "view/WTQueryByWO.view.xml": 1726148654986,
  "view/WTQueryByHU.view.xml": 1726131205747,
  "view/UnloadingByTU.view.xml": 1726131205743,
  "view/UnloadingByShipment.view.xml": 1726131205743,
  "view/UnloadingByDoor.view.xml": 1726131205743,
  "view/UnloadingByConsignmentOrder.view.xml": 1726148654986,
  "view/UnloadingByBillofLading.view.xml": 1726131205739,
  "view/UnloadingASNDetails.view.xml": 1725947112139,
  "view/UnloadByDelivery.view.xml": 1725954458745,
  "view/Supervisor.view.xml": 1726148654986,
  "view/StockBinQueryByProduct.view.xml": 1726148654986,
  "view/StockBinQueryByBin.view.xml": 1726131205739,
  "view/SerialNumberLocation.view.xml": 1726148654986,
  "view/ResourcePage.view.xml": 1725902226699,
  "view/RecevingOfHUbyTUorDoor.view.xml": 1726131205739,
  "view/RecevingOfHUbyManufacturingOrder.view.xml": 1726131205735,
  "view/RecevingOfHUbyDelivery.view.xml": 1726131205735,
  "view/Receivingofhubyco.view.xml": 1726131205735,
  "view/ReceivingofHUbyTU.view.xml": 1726131205731,
  "view/ReceivingofHUbyShipment.view.xml": 1726131205731,
  "view/ReceivingofHUbyASN.view.xml": 1726131205727,
  "view/ReceivingOfHuByDoor.view.xml": 1726131205727,
  "view/PutawayByWO.view.xml": 1726131205723,
  "view/PutawayByHU.view.xml": 1725902226695,
  "view/InitialScreen.view.xml": 1726148654982,
  "view/HuQuery.view.xml": 1726131205719,
  "view/Home.view.xml": 1725627928257,
  "view/CreateConfirmAdhocProduct.view.xml": 1726148654982,
  "view/CreateConfirmAdhocHu.view.xml": 1726148654982,
  "view/BillofLading.view.xml": 1726148654982,
  "view/AvailableHandlingUnitsOnBinQuery.view.xml": 1726131205719,
  "view/App.view.xml": 1725627928257,
  "view/AdhocProductWt.view.xml": 1725872955102,
  "view/AdhocHuWt.view.xml": 1726131205715,
  "fragments/SignUpDetails.fragment.xml": 1725627928257,
  "fragments/SapLogon.fragment.xml": 1726131205715,
  "fragments/Resetpassword.fragment.xml": 1725627928257,
  "fragments/Forgotpassword.fragment.xml": 1726148654982,
  "fragments/ConnecttoSAP.fragment.xml": 1726148654982,
  "fragments/ApproveDetails.fragment.xml": 1725627928257,
  "css/style.css": 1726148654982,
  "Images/Artihcus logo.png": 1726148654978,
  "index.html": 1725627928257
}