{
  "controller/BaseController.js.map": 1726762127272,
  "controller/ReceivingofHUbyASN.controller.js": 1726551733957,
  "model/models.js": 1725627928257,
  "model/data1.json": 1725627928257,
  "model/data.json": 1725902226687,
  "controller/WTQueryByWT.controller.js": 1726551733985,
  "controller/WTQueryByWO.controller.js": 1726551733981,
  "controller/WTQueryByQueue.controller.js": 1726742368779,
  "controller/WTQueryByHU.controller.js": 1726551733981,
  "controller/UnloadingByTU.controller.js": 1726551733981,
  "controller/UnloadingByShipment.controller.js": 1726551733981,
  "controller/UnloadingByDoor.controller.js": 1726551733977,
  "controller/UnloadingByConsignmentOrder.controller.js": 1726551733977,
  "controller/UnloadingByBillofLading.controller.js": 1726551733977,
  "controller/UnloadingASNDetails.controller.js": 1726757991901,
  "controller/UnloadByDelivery.controller.js": 1726551733977,
  "controller/Supervisor.controller.js": 1726757991901,
  "controller/StockBinQueryByProduct.controller.js": 1726551733969,
  "controller/StockBinQueryByBin.controller.js": 1726551733969,
  "controller/SerialNumberLocation.controller.js": 1726551733969,
  "controller/ResourcePage.controller.js": 1726757991901,
  "controller/RecevingOfHUbyTUorDoor.controller.js": 1726551733961,
  "controller/RecevingOfHUbyManufacturingOrder.controller.js": 1726551733961,
  "controller/RecevingOfHUbyDelivery.controller.js": 1726551733961,
  "controller/Receivingofhubyco.controller.js": 1726465222984,
  "controller/ReceivingofHUbyTU.controller.js": 1726551733961,
  "controller/ReceivingofHUbyShipment.controller.js": 1726551733961,
  "utils/Constant.js": 1726757991905,
  "controller/ReceivingOfHuByDoor.controller.js": 1726551733957,
  "controller/PutawayByWO.controller.js": 1726551733957,
  "controller/PutawayByHU.controller.js": 1726148654978,
  "controller/ProductInspectionByStorageBin.controller.js": 1726757991897,
  "controller/ProductInspectionByHU.controller.js": 1726757991897,
  "controller/MaintainHU.controller.js": 1726551733953,
  "controller/InitialScreen.controller.js": 1726757991897,
  "controller/HuQuery.controller.js": 1726551733953,
  "controller/Home.controller.js": 1726757991897,
  "controller/DeconsolidationManually.controller.js": 1726757991893,
  "controller/DeconsolidationAutomatically.controller.js": 1726757991893,
  "controller/CreationOfSingleHU.controller.js": 1726757991893,
  "controller/CreateShippingHUWOWC.controller.js": 1726551733953,
  "controller/CreateShippingHU.controller.js": 1726551733953,
  "controller/CreatePutawayHusforDeconsolidate.controller.js": 1726757991893,
  "controller/CreatePutawayHusManually.controller.js": 1726757991893,
  "controller/CreateConfirmAdhocProduct.controller.js": 1726551733953,
  "controller/CreateConfirmAdhocHu.controller.js": 1726551733949,
  "controller/ChangeResourceGroup.controller.js": 1726551733945,
  "controller/ChangeQueue.controller.js": 1726551733945,
  "controller/BillofLading.controller.js": 1726551733945,
  "controller/BaseController.js": 1725627928257,
  "controller/AvailableHandlingUnitsOnBinQuery.controller.js": 1726551733945,
  "controller/App.controller.js": 1725627928257,
  "controller/AdhocProductWt.controller.js": 1726759623958,
  "controller/AdhocInventoryCreation.controller.js": 1726757991893,
  "controller/AdhocHuWt.controller.js": 1726551733945,
  "manifest.json": 1726762126842,
  "Component.js": 1725627928257,
  "controller/InitialScreen-dbg.controller.js": 1726757991897,
  "controller/InitialScreen.controller.js.map": 1726762127051,
  "model/models-dbg.js": 1725627928257,
  "model/models.js.map": 1726762126951,
  "controller/WTQueryByWT-dbg.controller.js": 1726551733985,
  "controller/WTQueryByWT.controller.js.map": 1726762126956,
  "controller/WTQueryByWO-dbg.controller.js": 1726551733981,
  "controller/WTQueryByWO.controller.js.map": 1726762126973,
  "controller/WTQueryByQueue-dbg.controller.js": 1726742368779,
  "controller/WTQueryByQueue.controller.js.map": 1726762126965,
  "controller/WTQueryByHU-dbg.controller.js": 1726551733981,
  "controller/WTQueryByHU.controller.js.map": 1726762126964,
  "controller/UnloadingByTU-dbg.controller.js": 1726551733981,
  "controller/UnloadingByTU.controller.js.map": 1726762126977,
  "controller/UnloadingByShipment-dbg.controller.js": 1726551733981,
  "controller/UnloadingByShipment.controller.js.map": 1726762126977,
  "controller/UnloadingByDoor-dbg.controller.js": 1726551733977,
  "controller/UnloadingByDoor.controller.js.map": 1726762127046,
  "controller/UnloadingByConsignmentOrder-dbg.controller.js": 1726551733977,
  "controller/UnloadingByConsignmentOrder.controller.js.map": 1726762126986,
  "controller/UnloadingByBillofLading-dbg.controller.js": 1726551733977,
  "controller/UnloadingByBillofLading.controller.js.map": 1726762126986,
  "controller/UnloadingASNDetails-dbg.controller.js": 1726757991901,
  "controller/UnloadingASNDetails.controller.js.map": 1726762127051,
  "controller/UnloadByDelivery-dbg.controller.js": 1726551733977,
  "controller/UnloadByDelivery.controller.js.map": 1726762127054,
  "controller/Supervisor-dbg.controller.js": 1726757991901,
  "controller/Supervisor.controller.js.map": 1726762127276,
  "controller/StockBinQueryByProduct-dbg.controller.js": 1726551733969,
  "controller/StockBinQueryByProduct.controller.js.map": 1726762127060,
  "controller/StockBinQueryByBin-dbg.controller.js": 1726551733969,
  "controller/StockBinQueryByBin.controller.js.map": 1726762127060,
  "controller/SerialNumberLocation-dbg.controller.js": 1726551733969,
  "controller/SerialNumberLocation.controller.js.map": 1726762127063,
  "controller/ResourcePage-dbg.controller.js": 1726757991901,
  "controller/ResourcePage.controller.js.map": 1726762127079,
  "controller/RecevingOfHUbyTUorDoor-dbg.controller.js": 1726551733961,
  "controller/RecevingOfHUbyTUorDoor.controller.js.map": 1726762127065,
  "controller/RecevingOfHUbyManufacturingOrder-dbg.controller.js": 1726551733961,
  "controller/RecevingOfHUbyManufacturingOrder.controller.js.map": 1726762127067,
  "controller/RecevingOfHUbyDelivery-dbg.controller.js": 1726551733961,
  "controller/RecevingOfHUbyDelivery.controller.js.map": 1726762127071,
  "controller/Receivingofhubyco-dbg.controller.js": 1726465222984,
  "controller/Receivingofhubyco.controller.js.map": 1726762127073,
  "controller/ReceivingofHUbyTU-dbg.controller.js": 1726551733961,
  "controller/ReceivingofHUbyTU.controller.js.map": 1726762127078,
  "controller/ReceivingofHUbyShipment-dbg.controller.js": 1726551733961,
  "controller/ReceivingofHUbyShipment.controller.js.map": 1726762127078,
  "utils/Constant-dbg.js": 1726757991905,
  "utils/Constant.js.map": 1726762127079,
  "controller/ReceivingOfHuByDoor-dbg.controller.js": 1726551733957,
  "controller/ReceivingOfHuByDoor.controller.js.map": 1726762127163,
  "controller/PutawayByWO-dbg.controller.js": 1726551733957,
  "controller/PutawayByWO.controller.js.map": 1726762127087,
  "controller/PutawayByHU-dbg.controller.js": 1726148654978,
  "controller/PutawayByHU.controller.js.map": 1726762127083,
  "controller/ProductInspectionByStorageBin-dbg.controller.js": 1726757991897,
  "controller/ProductInspectionByStorageBin.controller.js.map": 1726762127085,
  "controller/ProductInspectionByHU-dbg.controller.js": 1726757991897,
  "controller/ProductInspectionByHU.controller.js.map": 1726762127146,
  "controller/MaintainHU-dbg.controller.js": 1726551733953,
  "controller/MaintainHU.controller.js.map": 1726762127146,
  "controller/ReceivingofHUbyASN-dbg.controller.js": 1726551733957,
  "controller/ReceivingofHUbyASN.controller.js.map": 1726762127162,
  "controller/HuQuery-dbg.controller.js": 1726551733953,
  "controller/HuQuery.controller.js.map": 1726762127174,
  "controller/Home-dbg.controller.js": 1726757991897,
  "controller/Home.controller.js.map": 1726762127271,
  "controller/DeconsolidationManually-dbg.controller.js": 1726757991893,
  "controller/DeconsolidationManually.controller.js.map": 1726762127185,
  "controller/DeconsolidationAutomatically-dbg.controller.js": 1726757991893,
  "controller/DeconsolidationAutomatically.controller.js.map": 1726762127179,
  "controller/CreationOfSingleHU-dbg.controller.js": 1726757991893,
  "controller/CreationOfSingleHU.controller.js.map": 1726762127184,
  "controller/CreateShippingHUWOWC-dbg.controller.js": 1726551733953,
  "controller/CreateShippingHUWOWC.controller.js.map": 1726762127186,
  "controller/CreateShippingHU-dbg.controller.js": 1726551733953,
  "controller/CreateShippingHU.controller.js.map": 1726762127191,
  "controller/CreatePutawayHusforDeconsolidate-dbg.controller.js": 1726757991893,
  "controller/CreatePutawayHusforDeconsolidate.controller.js.map": 1726762127191,
  "controller/CreatePutawayHusManually-dbg.controller.js": 1726757991893,
  "controller/CreatePutawayHusManually.controller.js.map": 1726762127251,
  "controller/CreateConfirmAdhocProduct-dbg.controller.js": 1726551733953,
  "controller/CreateConfirmAdhocProduct.controller.js.map": 1726762127260,
  "controller/CreateConfirmAdhocHu-dbg.controller.js": 1726551733949,
  "controller/CreateConfirmAdhocHu.controller.js.map": 1726762127260,
  "controller/ChangeResourceGroup-dbg.controller.js": 1726551733945,
  "controller/ChangeResourceGroup.controller.js.map": 1726762127270,
  "controller/ChangeQueue-dbg.controller.js": 1726551733945,
  "controller/ChangeQueue.controller.js.map": 1726762127262,
  "controller/BillofLading-dbg.controller.js": 1726551733945,
  "controller/BillofLading.controller.js.map": 1726762127268,
  "controller/BaseController-dbg.js": 1725627928257,
  "i18n/i18n.properties": 1726742368783,
  "controller/AvailableHandlingUnitsOnBinQuery-dbg.controller.js": 1726551733945,
  "controller/AvailableHandlingUnitsOnBinQuery.controller.js.map": 1726762127273,
  "controller/App-dbg.controller.js": 1725627928257,
  "controller/App.controller.js.map": 1726762127275,
  "controller/AdhocProductWt-dbg.controller.js": 1726759623958,
  "controller/AdhocProductWt.controller.js.map": 1726762127274,
  "controller/AdhocInventoryCreation-dbg.controller.js": 1726757991893,
  "controller/AdhocInventoryCreation.controller.js.map": 1726762127281,
  "controller/AdhocHuWt-dbg.controller.js": 1726551733945,
  "controller/AdhocHuWt.controller.js.map": 1726762127278,
  "Component-dbg.js": 1725627928257,
  "Component.js.map": 1726762127276,
  "Component-preload.js": 1726762127702,
  "Component-preload.js.map": 1726762127703,
  "view/WTQueryByWT.view.xml": 1726148654986,
  "view/WTQueryByWO.view.xml": 1726148654986,
  "view/WTQueryByQueue.view.xml": 1726551733985,
  "view/WTQueryByHU.view.xml": 1726131205747,
  "view/UnloadingByTU.view.xml": 1726494709373,
  "view/UnloadingByShipment.view.xml": 1726494709373,
  "view/UnloadingByDoor.view.xml": 1726494709369,
  "view/UnloadingByConsignmentOrder.view.xml": 1726494709369,
  "view/UnloadingByBillofLading.view.xml": 1726494709365,
  "view/UnloadingASNDetails.view.xml": 1725947112139,
  "view/UnloadByDelivery.view.xml": 1725954458745,
  "view/Supervisor.view.xml": 1726757991909,
  "view/StockBinQueryByProduct.view.xml": 1726148654986,
  "view/StockBinQueryByBin.view.xml": 1726131205739,
  "view/SerialNumberLocation.view.xml": 1726757975089,
  "view/ResourcePage.view.xml": 1726757991909,
  "view/RecevingOfHUbyTUorDoor.view.xml": 1726465223024,
  "view/RecevingOfHUbyManufacturingOrder.view.xml": 1726465223024,
  "view/RecevingOfHUbyDelivery.view.xml": 1726465223020,
  "view/Receivingofhubyco.view.xml": 1726465223016,
  "view/ReceivingofHUbyTU.view.xml": 1726131205731,
  "view/ReceivingofHUbyShipment.view.xml": 1726131205731,
  "view/ReceivingofHUbyASN.view.xml": 1726131205727,
  "view/ReceivingOfHuByDoor.view.xml": 1726131205727,
  "view/PutawayByWO.view.xml": 1726131205723,
  "view/PutawayByHU.view.xml": 1726736423457,
  "view/ProductInspectionByStorageBin.view.xml": 1726757991905,
  "view/ProductInspectionByHU.view.xml": 1726757991905,
  "view/MaintainHU.view.xml": 1726494709365,
  "view/InitialScreen.view.xml": 1726757991905,
  "view/HuQuery.view.xml": 1726762119793,
  "view/Home.view.xml": 1726465223008,
  "view/DeconsolidationManually.view.xml": 1726757991905,
  "view/DeconsolidationAutomatically.view.xml": 1726757991905,
  "view/CreationOfSingleHU.view.xml": 1726757991905,
  "view/CreateShippingHUWOWC.view.xml": 1726551733985,
  "view/CreateShippingHU.view.xml": 1726551733985,
  "view/CreatePutawayHusforDeconsolidate.view.xml": 1726757991905,
  "view/CreatePutawayHusManually.view.xml": 1726757991905,
  "view/CreateConfirmAdhocProduct.view.xml": 1726148654982,
  "view/CreateConfirmAdhocHu.view.xml": 1726148654982,
  "view/ChangeResourceGroup.view.xml": 1726551733985,
  "view/ChangeQueue.view.xml": 1726551733985,
  "view/BillofLading.view.xml": 1726494709353,
  "view/AvailableHandlingUnitsOnBinQuery.view.xml": 1726131205719,
  "view/App.view.xml": 1725627928257,
  "view/AdhocProductWt.view.xml": 1726465223000,
  "view/AdhocInventoryCreation.view.xml": 1726757991905,
  "view/AdhocHuWt.view.xml": 1726465222996,
  "css/style.css": 1726757991901,
  "fragments/SignUpDetails.fragment.xml": 1725627928257,
  "fragments/SapLogon.fragment.xml": 1726465222992,
  "fragments/Resetpassword.fragment.xml": 1725627928257,
  "fragments/ProfileDialog.fragment.xml": 1726551733985,
  "fragments/Forgotpassword.fragment.xml": 1726148654982,
  "fragments/ConnecttoSAP.fragment.xml": 1726757991901,
  "fragments/ApproveDetails.fragment.xml": 1725627928257,
  "Images/Artihcuslogo.png": 1726551733937,
  "index.html": 1726551733985
}