{
  "view/MaintainHU.view.xml": 1728987366528,
  "controller/ProductInspectionByStorageBin.controller.js": 1728987366520,
  "model/models.js": 1728987366524,
  "model/data1.json": 1728987366524,
  "model/data.json": 1728987366524,
  "controller/WTQueryByWT.controller.js": 1728987366524,
  "controller/WTQueryByWO.controller.js": 1728987366524,
  "controller/WTQueryByQueue.controller.js": 1728987366524,
  "controller/WTQueryByHU.controller.js": 1728987366520,
  "controller/WHProcessingByBOL.controller.js": 1728987366520,
  "controller/UnloadingByTU.controller.js": 1728987366520,
  "controller/UnloadingByShipment.controller.js": 1728987366520,
  "controller/UnloadingByDoor.controller.js": 1728987366520,
  "controller/UnloadingByConsignmentOrder.controller.js": 1728987366520,
  "controller/UnloadingByBillofLading.controller.js": 1728987366520,
  "controller/UnloadingASNDetails.controller.js": 1728987366520,
  "controller/UnloadByHu.controller.js": 1728987366520,
  "controller/UnloadByDelivery.controller.js": 1728987366520,
  "controller/Supervisor.controller.js": 1729249045538,
  "controller/StockBinQueryByProduct.controller.js": 1728987366520,
  "controller/StockBinQueryByBin.controller.js": 1729249045538,
  "controller/SetReadyforWHProcessingByCO.controller.js": 1728987366520,
  "controller/SerialNumberLocation.controller.js": 1728987366520,
  "controller/ReversalofConsumptionbyMObyHU.controller.js": 1728987366520,
  "controller/ReversalofConsumptionbyMO_Bin.controller.js": 1728987366520,
  "controller/ResourcePage.controller.js": 1729249225286,
  "controller/RecevingOfHUbyTUorDoor.controller.js": 1728987366520,
  "controller/RecevingOfHUbyManufacturingOrder.controller.js": 1728987366520,
  "controller/RecevingOfHUbyDelivery.controller.js": 1728987366520,
  "controller/Receivingofhubyco.controller.js": 1728987366520,
  "controller/ReceivingofHUbyTU.controller.js": 1728987366520,
  "controller/ReceivingofHUbyShipment.controller.js": 1728987366520,
  "controller/ReceivingofHUbyASN.controller.js": 1728987366520,
  "controller/ReceivingOfHuByDoor.controller.js": 1728987366520,
  "controller/PutawayByWO.controller.js": 1728987366520,
  "controller/PutawayByHuc.controller.js": 1728987366520,
  "controller/PutawayByHU.controller.js": 1728987366520,
  "uitls/Constant.js": 1728987366524,
  "controller/ProductInspectionByHU.controller.js": 1728987366520,
  "controller/PickPoint.controller.js": 1728987366520,
  "controller/ManuallyRepackingByHUItem.controller.js": 1728987366520,
  "controller/ManuallyRepackHU.controller.js": 1728987366520,
  "controller/ManuallyRepackAllHUItems.controller.js": 1728987366520,
  "controller/MaintainHU.controller.js": 1728987366520,
  "controller/LoadbyHUManPosAssiognment.controller.js": 1728987366520,
  "controller/LoadbyHUAutoPosAssiognment.controller.js": 1728987366520,
  "controller/InitialScreen.controller.js": 1729253304550,
  "controller/HuQuery.controller.js": 1729240193639,
  "controller/HuMaintanaceInDeconsolidation.controller.js": 1728995573651,
  "controller/Home.controller.js": 1729240193635,
  "controller/HUStockOverviewQuery.controller.js": 1728987366520,
  "controller/DeconsolidationManually.controller.js": 1728987366520,
  "controller/DeconsolidationAutomatically.controller.js": 1728987366520,
  "controller/DeconsAuto.controller.js": 1728987366520,
  "controller/CreationOfSingleHU.controller.js": 1728987366520,
  "controller/CreateShippingHUWOWC.controller.js": 1728987366520,
  "controller/CreateShippingHU.controller.js": 1728987366520,
  "controller/CreatePutawayHusforDeconsolidate.controller.js": 1728987366520,
  "controller/CreatePutawayHusManually.controller.js": 1728987366520,
  "controller/CreateConfirmAdhocProduct.controller.js": 1728987366520,
  "controller/CreateConfirmAdhocHu.controller.js": 1728987366520,
  "controller/ConsumptionByManufacturingOrder.controller.js": 1728987366520,
  "controller/ConfigLogin.controller.js": 1729249045538,
  "controller/ChangeResourceGroup.controller.js": 1728987366520,
  "controller/ChangeQueue.controller.js": 1728987366520,
  "controller/ChangeLoadingUnloadingDetails.controller.js": 1728987366520,
  "controller/BillofLading.controller.js": 1728987366516,
  "controller/BaseController.js": 1728987366516,
  "controller/AvailableHandlingUnitsOnBinQuery.controller.js": 1728987366516,
  "controller/AutomaticallyRepackHu.controller.js": 1728987366516,
  "controller/AutomaticallyRepackHUItem.controller.js": 1729240847410,
  "controller/App.controller.js": 1728987366516,
  "controller/AdhocProductWt.controller.js": 1728987366516,
  "controller/AdhocInventoryCreation.controller.js": 1728987366516,
  "controller/AdhocHuWt.controller.js": 1728987366516,
  "manifest.json": 1729255632327,
  "Component.js": 1728987366516,
  "controller/AvailableHandlingUnitsOnBinQuery-dbg.controller.js": 1728987366516,
  "controller/AvailableHandlingUnitsOnBinQuery.controller.js.map": 1729255632462,
  "model/models-dbg.js": 1728987366524,
  "model/models.js.map": 1729255632421,
  "controller/WTQueryByWT-dbg.controller.js": 1728987366524,
  "controller/WTQueryByWT.controller.js.map": 1729255632463,
  "controller/WTQueryByWO-dbg.controller.js": 1728987366524,
  "controller/WTQueryByWO.controller.js.map": 1729255632468,
  "controller/WTQueryByQueue-dbg.controller.js": 1728987366524,
  "controller/WTQueryByQueue.controller.js.map": 1729255632468,
  "controller/WTQueryByHU-dbg.controller.js": 1728987366520,
  "controller/WTQueryByHU.controller.js.map": 1729255632469,
  "controller/WHProcessingByBOL-dbg.controller.js": 1728987366520,
  "controller/WHProcessingByBOL.controller.js.map": 1729255632471,
  "controller/UnloadingByTU-dbg.controller.js": 1728987366520,
  "controller/UnloadingByTU.controller.js.map": 1729255632481,
  "controller/UnloadingByShipment-dbg.controller.js": 1728987366520,
  "controller/UnloadingByShipment.controller.js.map": 1729255632480,
  "controller/UnloadingByDoor-dbg.controller.js": 1728987366520,
  "controller/UnloadingByDoor.controller.js.map": 1729255632479,
  "controller/UnloadingByConsignmentOrder-dbg.controller.js": 1728987366520,
  "controller/UnloadingByConsignmentOrder.controller.js.map": 1729255632484,
  "controller/UnloadingByBillofLading-dbg.controller.js": 1728987366520,
  "controller/UnloadingByBillofLading.controller.js.map": 1729255632487,
  "controller/UnloadingASNDetails-dbg.controller.js": 1728987366520,
  "controller/UnloadingASNDetails.controller.js.map": 1729255632488,
  "controller/UnloadByHu-dbg.controller.js": 1728987366520,
  "controller/UnloadByHu.controller.js.map": 1729255632487,
  "controller/UnloadByDelivery-dbg.controller.js": 1728987366520,
  "controller/UnloadByDelivery.controller.js.map": 1729255632490,
  "controller/Supervisor-dbg.controller.js": 1729249045538,
  "controller/Supervisor.controller.js.map": 1729255632765,
  "controller/StockBinQueryByProduct-dbg.controller.js": 1728987366520,
  "controller/StockBinQueryByProduct.controller.js.map": 1729255632493,
  "controller/StockBinQueryByBin-dbg.controller.js": 1729249045538,
  "controller/StockBinQueryByBin.controller.js.map": 1729255632564,
  "controller/SetReadyforWHProcessingByCO-dbg.controller.js": 1728987366520,
  "controller/SetReadyforWHProcessingByCO.controller.js.map": 1729255632494,
  "controller/SerialNumberLocation-dbg.controller.js": 1728987366520,
  "controller/SerialNumberLocation.controller.js.map": 1729255632562,
  "controller/ReversalofConsumptionbyMObyHU-dbg.controller.js": 1728987366520,
  "controller/ReversalofConsumptionbyMObyHU.controller.js.map": 1729255632562,
  "controller/ReversalofConsumptionbyMO_Bin-dbg.controller.js": 1728987366520,
  "controller/ReversalofConsumptionbyMO_Bin.controller.js.map": 1729255632568,
  "controller/ResourcePage-dbg.controller.js": 1729249225286,
  "controller/ResourcePage.controller.js.map": 1729255632865,
  "controller/RecevingOfHUbyTUorDoor-dbg.controller.js": 1728987366520,
  "controller/RecevingOfHUbyTUorDoor.controller.js.map": 1729255632570,
  "controller/RecevingOfHUbyManufacturingOrder-dbg.controller.js": 1728987366520,
  "controller/RecevingOfHUbyManufacturingOrder.controller.js.map": 1729255632574,
  "controller/RecevingOfHUbyDelivery-dbg.controller.js": 1728987366520,
  "controller/RecevingOfHUbyDelivery.controller.js.map": 1729255632578,
  "controller/Receivingofhubyco-dbg.controller.js": 1728987366520,
  "controller/Receivingofhubyco.controller.js.map": 1729255632580,
  "controller/ReceivingofHUbyTU-dbg.controller.js": 1728987366520,
  "controller/ReceivingofHUbyTU.controller.js.map": 1729255632584,
  "controller/ReceivingofHUbyShipment-dbg.controller.js": 1728987366520,
  "controller/ReceivingofHUbyShipment.controller.js.map": 1729255632586,
  "controller/ReceivingofHUbyASN-dbg.controller.js": 1728987366520,
  "controller/ReceivingofHUbyASN.controller.js.map": 1729255632592,
  "controller/ReceivingOfHuByDoor-dbg.controller.js": 1728987366520,
  "controller/ReceivingOfHuByDoor.controller.js.map": 1729255632600,
  "controller/PutawayByWO-dbg.controller.js": 1728987366520,
  "controller/PutawayByWO.controller.js.map": 1729255632598,
  "controller/PutawayByHuc-dbg.controller.js": 1728987366520,
  "controller/PutawayByHuc.controller.js.map": 1729255632600,
  "controller/PutawayByHU-dbg.controller.js": 1728987366520,
  "controller/PutawayByHU.controller.js.map": 1729255632662,
  "uitls/Constant-dbg.js": 1728987366524,
  "uitls/Constant.js.map": 1729255632601,
  "controller/ProductInspectionByHU-dbg.controller.js": 1728987366520,
  "controller/ProductInspectionByHU.controller.js.map": 1729255632662,
  "controller/PickPoint-dbg.controller.js": 1728987366520,
  "controller/PickPoint.controller.js.map": 1729255632677,
  "controller/ManuallyRepackingByHUItem-dbg.controller.js": 1728987366520,
  "controller/ManuallyRepackingByHUItem.controller.js.map": 1729255632669,
  "controller/ManuallyRepackHU-dbg.controller.js": 1728987366520,
  "controller/ManuallyRepackHU.controller.js.map": 1729255632676,
  "controller/ManuallyRepackAllHUItems-dbg.controller.js": 1728987366520,
  "controller/ManuallyRepackAllHUItems.controller.js.map": 1729255632683,
  "controller/MaintainHU-dbg.controller.js": 1728987366520,
  "controller/MaintainHU.controller.js.map": 1729255632680,
  "controller/LoadbyHUManPosAssiognment-dbg.controller.js": 1728987366520,
  "controller/LoadbyHUManPosAssiognment.controller.js.map": 1729255632684,
  "controller/LoadbyHUAutoPosAssiognment-dbg.controller.js": 1728987366520,
  "controller/LoadbyHUAutoPosAssiognment.controller.js.map": 1729255632685,
  "controller/InitialScreen-dbg.controller.js": 1729253304550,
  "controller/InitialScreen.controller.js.map": 1729255632788,
  "controller/HuQuery-dbg.controller.js": 1729240193639,
  "controller/HuQuery.controller.js.map": 1729255632697,
  "controller/HuMaintanaceInDeconsolidation-dbg.controller.js": 1728995573651,
  "controller/HuMaintanaceInDeconsolidation.controller.js.map": 1729255632762,
  "controller/Home-dbg.controller.js": 1729240193635,
  "controller/Home.controller.js.map": 1729255632795,
  "controller/HUStockOverviewQuery-dbg.controller.js": 1728987366520,
  "controller/HUStockOverviewQuery.controller.js.map": 1729255632773,
  "controller/DeconsolidationManually-dbg.controller.js": 1728987366520,
  "controller/DeconsolidationManually.controller.js.map": 1729255632786,
  "controller/DeconsolidationAutomatically-dbg.controller.js": 1728987366520,
  "controller/DeconsolidationAutomatically.controller.js.map": 1729255632793,
  "controller/DeconsAuto-dbg.controller.js": 1728987366520,
  "controller/DeconsAuto.controller.js.map": 1729255632790,
  "controller/CreationOfSingleHU-dbg.controller.js": 1728987366520,
  "controller/CreationOfSingleHU.controller.js.map": 1729255632794,
  "controller/CreateShippingHUWOWC-dbg.controller.js": 1728987366520,
  "controller/CreateShippingHUWOWC.controller.js.map": 1729255632795,
  "controller/CreateShippingHU-dbg.controller.js": 1728987366520,
  "controller/CreateShippingHU.controller.js.map": 1729255632797,
  "controller/CreatePutawayHusforDeconsolidate-dbg.controller.js": 1728987366520,
  "controller/CreatePutawayHusforDeconsolidate.controller.js.map": 1729255632798,
  "controller/CreatePutawayHusManually-dbg.controller.js": 1728987366520,
  "controller/CreatePutawayHusManually.controller.js.map": 1729255632798,
  "controller/CreateConfirmAdhocProduct-dbg.controller.js": 1728987366520,
  "controller/CreateConfirmAdhocProduct.controller.js.map": 1729255632800,
  "controller/CreateConfirmAdhocHu-dbg.controller.js": 1728987366520,
  "controller/CreateConfirmAdhocHu.controller.js.map": 1729255632801,
  "controller/ConsumptionByManufacturingOrder-dbg.controller.js": 1728987366520,
  "controller/ConsumptionByManufacturingOrder.controller.js.map": 1729255632867,
  "controller/ConfigLogin-dbg.controller.js": 1729249045538,
  "controller/ConfigLogin.controller.js.map": 1729255632800,
  "controller/ChangeResourceGroup-dbg.controller.js": 1728987366520,
  "controller/ChangeResourceGroup.controller.js.map": 1729255632802,
  "controller/ChangeQueue-dbg.controller.js": 1728987366520,
  "controller/ChangeQueue.controller.js.map": 1729255632863,
  "controller/ChangeLoadingUnloadingDetails-dbg.controller.js": 1728987366520,
  "controller/ChangeLoadingUnloadingDetails.controller.js.map": 1729255632802,
  "controller/BillofLading-dbg.controller.js": 1728987366516,
  "controller/BillofLading.controller.js.map": 1729255632863,
  "controller/BaseController-dbg.js": 1728987366516,
  "controller/BaseController.js.map": 1729255632865,
  "controller/ProductInspectionByStorageBin-dbg.controller.js": 1728987366520,
  "controller/ProductInspectionByStorageBin.controller.js.map": 1729255632867,
  "controller/AutomaticallyRepackHu-dbg.controller.js": 1728987366516,
  "controller/AutomaticallyRepackHu.controller.js.map": 1729255632869,
  "controller/AutomaticallyRepackHUItem-dbg.controller.js": 1729240847410,
  "controller/AutomaticallyRepackHUItem.controller.js.map": 1729255632873,
  "controller/App-dbg.controller.js": 1728987366516,
  "controller/App.controller.js.map": 1729255632867,
  "controller/AdhocProductWt-dbg.controller.js": 1728987366516,
  "controller/AdhocProductWt.controller.js.map": 1729255632869,
  "controller/AdhocInventoryCreation-dbg.controller.js": 1728987366516,
  "controller/AdhocInventoryCreation.controller.js.map": 1729255632871,
  "controller/AdhocHuWt-dbg.controller.js": 1728987366516,
  "controller/AdhocHuWt.controller.js.map": 1729255632872,
  "Component-dbg.js": 1728987366516,
  "Component.js.map": 1729255632870,
  "Component-preload.js": 1729255633328,
  "Component-preload.js.map": 1729255633332,
  "view/WTQueryByWT.view.xml": 1728987366532,
  "view/WTQueryByWO.view.xml": 1728987366532,
  "view/WTQueryByQueue.view.xml": 1729240193651,
  "view/WTQueryByHU.view.xml": 1728987366532,
  "view/WHProcessingByBOL.view.xml": 1728987366532,
  "view/UnloadingByTU.view.xml": 1728987366532,
  "view/UnloadingByShipment.view.xml": 1728987366532,
  "view/UnloadingByDoor.view.xml": 1728987366532,
  "view/UnloadingByConsignmentOrder.view.xml": 1728987366532,
  "view/UnloadingByBillofLading.view.xml": 1728987366532,
  "view/UnloadingASNDetails.view.xml": 1728987366532,
  "view/UnloadByHu.view.xml": 1728987366532,
  "view/UnloadByDelivery.view.xml": 1728987366532,
  "view/Supervisor.view.xml": 1728995573655,
  "view/StockBinQueryByProduct.view.xml": 1728987366532,
  "view/StockBinQueryByBin.view.xml": 1729249045538,
  "view/SetReadyforWHProcessingByCO.view.xml": 1728987366532,
  "view/SerialNumberLocation.view.xml": 1728987366532,
  "view/ReversalofConsumptionbyMObyHU.view.xml": 1728987366532,
  "view/ReversalofConsumptionbyMO_Bin.view.xml": 1728987366532,
  "view/ResourcePage.view.xml": 1729237003230,
  "view/RecevingOfHUbyTUorDoor.view.xml": 1728987366532,
  "view/RecevingOfHUbyManufacturingOrder.view.xml": 1728987366532,
  "view/RecevingOfHUbyDelivery.view.xml": 1728987366532,
  "view/Receivingofhubyco.view.xml": 1728987366532,
  "view/ReceivingofHUbyTU.view.xml": 1728987366532,
  "view/ReceivingofHUbyShipment.view.xml": 1728987366532,
  "view/ReceivingofHUbyASN.view.xml": 1728987366528,
  "view/ReceivingOfHuByDoor.view.xml": 1728987366528,
  "view/PutawayByWO.view.xml": 1728987366528,
  "view/PutawayByHuc.view.xml": 1728987366528,
  "view/PutawayByHU.view.xml": 1728987366528,
  "view/ProductInspectionByStorageBin.view.xml": 1728987366528,
  "view/ProductInspectionByHU.view.xml": 1728987366528,
  "view/PickPoint.view.xml": 1728987366528,
  "view/ManuallyRepackingByHUItem.view.xml": 1728987366528,
  "view/ManuallyRepackHU.view.xml": 1728987366528,
  "view/ManuallyRepackAllHUItems.view.xml": 1728987366528,
  "i18n/i18n.properties": 1728987366524,
  "view/LoadbyHUManPosAssiognment.view.xml": 1728987366528,
  "view/LoadbyHUAutoPosAssiognment.view.xml": 1728987366528,
  "view/InitialScreen.view.xml": 1729164818130,
  "view/HuQuery.view.xml": 1729240193647,
  "view/HuMaintanaceInDeconsolidation.view.xml": 1728995573655,
  "view/Home.view.xml": 1728995573651,
  "view/HUStockOverviewQuery.view.xml": 1728987366528,
  "view/DeconsolidationManually.view.xml": 1728987366528,
  "view/DeconsolidationAutomatically.view.xml": 1728987366528,
  "view/DeconsAuto.view.xml": 1728987366528,
  "view/CreationOfSingleHU.view.xml": 1728987366528,
  "view/CreateShippingHUWOWC.view.xml": 1728987366528,
  "view/CreateShippingHU.view.xml": 1728987366528,
  "view/CreatePutawayHusforDeconsolidate.view.xml": 1728987366528,
  "view/CreatePutawayHusManually.view.xml": 1728987366528,
  "view/CreateConfirmAdhocProduct.view.xml": 1728987366528,
  "view/CreateConfirmAdhocHu.view.xml": 1728987366528,
  "view/ConsumptionByManufacturingOrder.view.xml": 1728987366528,
  "view/ConfigLogin.view.xml": 1729255364057,
  "view/ChangeResourceGroup.view.xml": 1728987366528,
  "view/ChangeQueue.view.xml": 1728987366528,
  "view/ChangeLoadingUnloadingDetails.view.xml": 1728987366528,
  "view/BillofLading.view.xml": 1728987366524,
  "view/AvailableHandlingUnitsOnBinQuery.view.xml": 1728987366524,
  "view/AutomaticallyRepackHu.view.xml": 1728987366524,
  "view/AutomaticallyRepackHUItem.view.xml": 1728987366524,
  "view/App.view.xml": 1728987366524,
  "view/AdhocProductWt.view.xml": 1728987366524,
  "view/AdhocInventoryCreation.view.xml": 1728987366524,
  "view/AdhocHuWt.view.xml": 1728987366524,
  "fragments/UserTileView.fragment.xml": 1728987366524,
  "fragments/UserDetails.fragment.xml": 1729244124174,
  "fragments/SignUpDetails.fragment.xml": 1728987366524,
  "fragments/SelectToApplyTheme.fragment.xml": 1728987366524,
  "fragments/SelectFields.fragment.xml": 1728995573651,
  "fragments/SapLogon.fragment.xml": 1729240193647,
  "fragments/Resetpassword.fragment.xml": 1728987366524,
  "fragments/ProfileDialog.fragment.xml": 1729244124174,
  "fragments/LanguageTransulations.fragment.xml": 1728987366524,
  "fragments/ConnecttoSAP.fragment.xml": 1728987366524,
  "fragments/ChangePassword.fragment.xml": 1729240193647,
  "fragments/AvatarInHomepage.fragment.xml": 1729161700446,
  "fragments/ApproveDetails.fragment.xml": 1728987366524,
  "docs/helpdoc.pdf": 1728987366524,
  "css/style.css": 1729253304550,
  "Images/Artihcuslogo.png": 1728987366516,
  "index.html": 1729240847414
}