{
  "css/style.css": 1725889625645,
  "manifest.json": 1725900112170,
  "model/data1.json": 1725627928257,
  "model/data.json": 1725893714154,
  "controller/UnloadingByDoor.controller.js": 1725880676502,
  "controller/UnloadingByBillofLading.controller.js": 1725886398307,
  "controller/Supervisor.controller.js": 1725893714150,
  "controller/StockBinQueryByBin.controller.js": 1725859652508,
  "controller/ResourcePage.controller.js": 1725893714150,
  "controller/RecevingOfHUbyDelivery.controller.js": 1725876841827,
  "controller/ReceivingOfHuByDoor.controller.js": 1725893714150,
  "controller/PutawayByWO.controller.js": 1725881512020,
  "controller/PutawayByHU.controller.js": 1725879439111,
  "controller/HuQuery.controller.js": 1725876728746,
  "controller/Home.controller.js": 1725878491477,
  "controller/CreateConfirmAdhocProduct.controller.js": 1725878491477,
  "controller/CreateConfirmAdhocHu.controller.js": 1725878491477,
  "controller/BillofLading.controller.js": 1725889576889,
  "controller/BaseController.js": 1725627928257,
  "controller/App.controller.js": 1725627928257,
  "controller/AdhocProductWt.controller.js": 1725872955102,
  "controller/AdhocHuWt.controller.js": 1725872955102,
  "model/models.js": 1725627928257,
  "Component.js": 1725627928257,
  "controller/PutawayByWO-dbg.controller.js": 1725881512020,
  "controller/PutawayByWO.controller.js.map": 1725900112284,
  "controller/UnloadingByBillofLading-dbg.controller.js": 1725886398307,
  "controller/UnloadingByBillofLading.controller.js.map": 1725900112288,
  "controller/Supervisor-dbg.controller.js": 1725893714150,
  "controller/Supervisor.controller.js.map": 1725900112439,
  "controller/StockBinQueryByBin-dbg.controller.js": 1725859652508,
  "controller/StockBinQueryByBin.controller.js.map": 1725900112275,
  "controller/ResourcePage-dbg.controller.js": 1725893714150,
  "controller/ResourcePage.controller.js.map": 1725900112289,
  "controller/RecevingOfHUbyDelivery-dbg.controller.js": 1725876841827,
  "controller/RecevingOfHUbyDelivery.controller.js.map": 1725900112337,
  "controller/ReceivingOfHuByDoor-dbg.controller.js": 1725893714150,
  "controller/ReceivingOfHuByDoor.controller.js.map": 1725900112340,
  "controller/UnloadingByDoor-dbg.controller.js": 1725880676502,
  "controller/UnloadingByDoor.controller.js.map": 1725900112332,
  "controller/PutawayByHU-dbg.controller.js": 1725879439111,
  "controller/PutawayByHU.controller.js.map": 1725900112338,
  "controller/HuQuery-dbg.controller.js": 1725876728746,
  "controller/HuQuery.controller.js.map": 1725900112345,
  "controller/Home-dbg.controller.js": 1725878491477,
  "controller/Home.controller.js.map": 1725900112360,
  "controller/CreateConfirmAdhocProduct-dbg.controller.js": 1725878491477,
  "controller/CreateConfirmAdhocProduct.controller.js.map": 1725900112345,
  "controller/CreateConfirmAdhocHu-dbg.controller.js": 1725878491477,
  "controller/CreateConfirmAdhocHu.controller.js.map": 1725900112349,
  "controller/BillofLading-dbg.controller.js": 1725889576889,
  "controller/BillofLading.controller.js.map": 1725900112351,
  "controller/BaseController-dbg.js": 1725627928257,
  "controller/BaseController.js.map": 1725900112351,
  "controller/App-dbg.controller.js": 1725627928257,
  "controller/App.controller.js.map": 1725900112352,
  "controller/AdhocProductWt-dbg.controller.js": 1725872955102,
  "controller/AdhocProductWt.controller.js.map": 1725900112353,
  "controller/AdhocHuWt-dbg.controller.js": 1725872955102,
  "controller/AdhocHuWt.controller.js.map": 1725900112353,
  "model/models-dbg.js": 1725627928257,
  "model/models.js.map": 1725900112354,
  "Component-dbg.js": 1725627928257,
  "Component.js.map": 1725900112355,
  "Component-preload.js": 1725900112634,
  "Component-preload.js.map": 1725900112634,
  "view/UnloadingByDoor.view.xml": 1725880676502,
  "view/UnloadingByBillofLading.view.xml": 1725886398307,
  "view/Supervisor.view.xml": 1725889576889,
  "view/StockBinQueryByBin.view.xml": 1725893714154,
  "view/ResourcePage.view.xml": 1725893714154,
  "view/RecevingOfHUbyDelivery.view.xml": 1725879927388,
  "view/ReceivingOfHuByDoor.view.xml": 1725893714154,
  "view/PutawayByWO.view.xml": 1725881512020,
  "view/PutawayByHU.view.xml": 1725879439115,
  "view/HuQuery.view.xml": 1725874957539,
  "view/Home.view.xml": 1725627928257,
  "view/CreateConfirmAdhocProduct.view.xml": 1725878491477,
  "view/CreateConfirmAdhocHu.view.xml": 1725878491477,
  "view/BillofLading.view.xml": 1725889576889,
  "view/App.view.xml": 1725627928257,
  "view/AdhocProductWt.view.xml": 1725872955102,
  "view/AdhocHuWt.view.xml": 1725872955102,
  "fragments/SignUpDetails.fragment.xml": 1725627928257,
  "fragments/Resetpassword.fragment.xml": 1725627928257,
  "fragments/Forgotpassword.fragment.xml": 1725627928257,
  "fragments/ApproveDetails.fragment.xml": 1725627928257,
  "i18n/i18n.properties": 1725627928257,
  "index.html": 1725627928257
}