{
    "welcomeFile": "/index.html",
    "authenticationMethod": "route",
    "routes": [
      {
        "source": "^/sap/(.*)$",
        "target": "/sap/$1",
        "destination": "RF_App",
        "authenticationType": "xsuaa",
        "csrfProtection": false
      },
      {
        "source": "^/resources/(.*)$",
        "target": "/resources/$1",
        "authenticationType": "none",
        "destination": "ui5"
      },
      {
        "source": "^/test-resources/(.*)$",
        "target": "/test-resources/$1",
        "authenticationType": "none",
        "destination": "ui5"
      },
      {
        "source": "^(.*)$",
        "target": "$1",
        "service": "html5-apps-repo-rt",
        "authenticationType": "xsuaa"
      }
    ]
  }
  