{
  "controller/BaseController-dbg.js": 1725526395052,
  "controller/Supervisor.controller.js": 1725563997831,
  "model/data1.json": 1725554982159,
  "model/data.json": 1725554512140,
  "model/models.js": 1725510998001,
  "controller/StockBinQueryByBin.controller.js": 1725562930645,
  "controller/ResourcePage.controller.js": 1725547020025,
  "controller/HuQuery.controller.js": 1725557913284,
  "controller/Home.controller.js": 1725549085367,
  "controller/BaseController.js": 1725526395052,
  "controller/App.controller.js": 1725510998001,
  "manifest.json": 1725564150501,
  "Component.js": 1725510997993,
  "controller/App-dbg.controller.js": 1725510998001,
  "controller/App.controller.js.map": 1725564150620,
  "model/models-dbg.js": 1725510998001,
  "model/models.js.map": 1725564150631,
  "controller/StockBinQueryByBin-dbg.controller.js": 1725562930645,
  "controller/StockBinQueryByBin.controller.js.map": 1725564150624,
  "controller/ResourcePage-dbg.controller.js": 1725547020025,
  "controller/ResourcePage.controller.js.map": 1725564150635,
  "controller/HuQuery-dbg.controller.js": 1725557913284,
  "controller/HuQuery.controller.js.map": 1725564150631,
  "controller/Home-dbg.controller.js": 1725549085367,
  "controller/Home.controller.js.map": 1725564150662,
  "i18n/i18n.properties": 1725511019613,
  "controller/BaseController.js.map": 1725564150637,
  "controller/Supervisor-dbg.controller.js": 1725563997831,
  "controller/Supervisor.controller.js.map": 1725564150697,
  "Component-dbg.js": 1725510997993,
  "Component.js.map": 1725564150638,
  "Component-preload.js": 1725564150857,
  "Component-preload.js.map": 1725564150857,
  "view/Supervisor.view.xml": 1725555768128,
  "view/StockBinQueryByBin.view.xml": 1725562464131,
  "view/ResourcePage.view.xml": 1725543466783,
  "view/HuQuery.view.xml": 1725557686471,
  "view/Home.view.xml": 1725518714841,
  "view/App.view.xml": 1725510998005,
  "fragments/SignUpDetails.fragment.xml": 1725529386124,
  "fragments/Resetpassword.fragment.xml": 1725541109418,
  "fragments/Forgotpassword.fragment.xml": 1725522888050,
  "fragments/ApproveDetails.fragment.xml": 1725553852296,
  "css/style.css": 1725563571241,
  "index.html": 1725510997993
}